[     121ms] [LOG] [Fast Refresh] rebuilding @ http://localhost:3000/_next/static/chunks/node_modules_next_dist_115brz8._.js:2431
[     736ms] [LOG] [Fast Refresh] done in 717ms @ http://localhost:3000/_next/static/chunks/node_modules_next_dist_115brz8._.js:2431
[     883ms] [INFO] %cDownload the React DevTools for a better development experience: https://react.dev/link/react-devtools font-weight:bold @ http://localhost:3000/_next/static/chunks/node_modules_next_dist_115brz8._.js:2431
[     939ms] [LOG] [HMR] connected @ http://localhost:3000/_next/static/chunks/node_modules_next_dist_115brz8._.js:2431
[    1170ms] [LOG] [Fast Refresh] rebuilding @ http://localhost:3000/_next/static/chunks/node_modules_next_dist_115brz8._.js:2431
[    1248ms] [LOG] [Fast Refresh] done in 178ms @ http://localhost:3000/_next/static/chunks/node_modules_next_dist_115brz8._.js:2431
[  126533ms] [LOG] [Fast Refresh] rebuilding @ http://localhost:3000/_next/static/chunks/node_modules_next_dist_115brz8._.js:2431
[  126612ms] [LOG] [Fast Refresh] done in 193ms @ http://localhost:3000/_next/static/chunks/node_modules_next_dist_115brz8._.js:2431
[  201895ms] [LOG] [Fast Refresh] rebuilding @ http://localhost:3000/_next/static/chunks/node_modules_next_dist_115brz8._.js:2431
[  202948ms] [LOG] [Fast Refresh] done in 423ms @ http://localhost:3000/_next/static/chunks/node_modules_next_dist_115brz8._.js:2431
[  209787ms] [LOG] [Fast Refresh] rebuilding @ http://localhost:3000/_next/static/chunks/node_modules_next_dist_115brz8._.js:2431
[  209914ms] [LOG] [Fast Refresh] done in 229ms @ http://localhost:3000/_next/static/chunks/node_modules_next_dist_115brz8._.js:2431
[  216305ms] [LOG] [Fast Refresh] rebuilding @ http://localhost:3000/_next/static/chunks/node_modules_next_dist_115brz8._.js:2431
[  216397ms] [LOG] [Fast Refresh] done in 207ms @ http://localhost:3000/_next/static/chunks/node_modules_next_dist_115brz8._.js:2431
[  217348ms] [LOG] [Fast Refresh] rebuilding @ http://localhost:3000/_next/static/chunks/node_modules_next_dist_115brz8._.js:2431
[  217441ms] [LOG] [Fast Refresh] done in 202ms @ http://localhost:3000/_next/static/chunks/node_modules_next_dist_115brz8._.js:2431
[  223328ms] [LOG] [Fast Refresh] rebuilding @ http://localhost:3000/_next/static/chunks/node_modules_next_dist_115brz8._.js:2431
[  223426ms] [LOG] [Fast Refresh] done in 201ms @ http://localhost:3000/_next/static/chunks/node_modules_next_dist_115brz8._.js:2431
[  224534ms] [LOG] [Fast Refresh] rebuilding @ http://localhost:3000/_next/static/chunks/node_modules_next_dist_115brz8._.js:2431
[  224610ms] [LOG] [Fast Refresh] done in 180ms @ http://localhost:3000/_next/static/chunks/node_modules_next_dist_115brz8._.js:2431
[  232270ms] [LOG] [Fast Refresh] rebuilding @ http://localhost:3000/_next/static/chunks/node_modules_next_dist_115brz8._.js:2431
[  232365ms] [LOG] [Fast Refresh] done in 204ms @ http://localhost:3000/_next/static/chunks/node_modules_next_dist_115brz8._.js:2431
[  239721ms] [LOG] [Fast Refresh] rebuilding @ http://localhost:3000/_next/static/chunks/node_modules_next_dist_115brz8._.js:2431
[  239799ms] [LOG] [Fast Refresh] done in 190ms @ http://localhost:3000/_next/static/chunks/node_modules_next_dist_115brz8._.js:2431
[  269753ms] [LOG] [Fast Refresh] rebuilding @ http://localhost:3000/_next/static/chunks/node_modules_next_dist_115brz8._.js:2431
[  270718ms] [LOG] [Fast Refresh] done in 1068ms @ http://localhost:3000/_next/static/chunks/node_modules_next_dist_115brz8._.js:2431
[  270830ms] [LOG] [Fast Refresh] rebuilding @ http://localhost:3000/_next/static/chunks/node_modules_next_dist_115brz8._.js:2431
[  270999ms] [LOG] [Fast Refresh] done in 271ms @ http://localhost:3000/_next/static/chunks/node_modules_next_dist_115brz8._.js:2431
[  271216ms] [LOG] [Fast Refresh] rebuilding @ http://localhost:3000/_next/static/chunks/node_modules_next_dist_115brz8._.js:2431
[  271442ms] [LOG] [Fast Refresh] done in 327ms @ http://localhost:3000/_next/static/chunks/node_modules_next_dist_115brz8._.js:2431
[  281253ms] [LOG] [Fast Refresh] rebuilding @ http://localhost:3000/_next/static/chunks/node_modules_next_dist_115brz8._.js:2431
[  281352ms] [LOG] [Fast Refresh] done in 208ms @ http://localhost:3000/_next/static/chunks/node_modules_next_dist_115brz8._.js:2431
[  281463ms] [LOG] [Fast Refresh] rebuilding @ http://localhost:3000/_next/static/chunks/node_modules_next_dist_115brz8._.js:2431
[  281706ms] [LOG] [Fast Refresh] done in 352ms @ http://localhost:3000/_next/static/chunks/node_modules_next_dist_115brz8._.js:2431
[  288878ms] [LOG] [Fast Refresh] rebuilding @ http://localhost:3000/_next/static/chunks/node_modules_next_dist_115brz8._.js:2431
[  288982ms] [LOG] [Fast Refresh] done in 202ms @ http://localhost:3000/_next/static/chunks/node_modules_next_dist_115brz8._.js:2431
[  289097ms] [LOG] [Fast Refresh] rebuilding @ http://localhost:3000/_next/static/chunks/node_modules_next_dist_115brz8._.js:2431
[  289310ms] [LOG] [Fast Refresh] done in 323ms @ http://localhost:3000/_next/static/chunks/node_modules_next_dist_115brz8._.js:2431
[  297547ms] [LOG] [Fast Refresh] rebuilding @ http://localhost:3000/_next/static/chunks/node_modules_next_dist_115brz8._.js:2431
[  297639ms] [LOG] [Fast Refresh] done in 197ms @ http://localhost:3000/_next/static/chunks/node_modules_next_dist_115brz8._.js:2431
[  297750ms] [LOG] [Fast Refresh] rebuilding @ http://localhost:3000/_next/static/chunks/node_modules_next_dist_115brz8._.js:2431
[  297993ms] [LOG] [Fast Refresh] done in 353ms @ http://localhost:3000/_next/static/chunks/node_modules_next_dist_115brz8._.js:2431
[  304625ms] [LOG] [Fast Refresh] rebuilding @ http://localhost:3000/_next/static/chunks/node_modules_next_dist_115brz8._.js:2431
[  305044ms] [LOG] [Fast Refresh] done in 185ms @ http://localhost:3000/_next/static/chunks/node_modules_next_dist_115brz8._.js:2431
[  312784ms] [LOG] [Fast Refresh] rebuilding @ http://localhost:3000/_next/static/chunks/node_modules_next_dist_115brz8._.js:2431
[  312877ms] [LOG] [Fast Refresh] done in 199ms @ http://localhost:3000/_next/static/chunks/node_modules_next_dist_115brz8._.js:2431
[  312986ms] [LOG] [Fast Refresh] rebuilding @ http://localhost:3000/_next/static/chunks/node_modules_next_dist_115brz8._.js:2431
[  313224ms] [LOG] [Fast Refresh] done in 347ms @ http://localhost:3000/_next/static/chunks/node_modules_next_dist_115brz8._.js:2431
[  317986ms] [LOG] [Fast Refresh] rebuilding @ http://localhost:3000/_next/static/chunks/node_modules_next_dist_115brz8._.js:2431
[  318153ms] [LOG] [Fast Refresh] done in 269ms @ http://localhost:3000/_next/static/chunks/node_modules_next_dist_115brz8._.js:2431
[  319652ms] [LOG] [Fast Refresh] rebuilding @ http://localhost:3000/_next/static/chunks/node_modules_next_dist_115brz8._.js:2431
[  319703ms] [LOG] [Fast Refresh] done in 162ms @ http://localhost:3000/_next/static/chunks/node_modules_next_dist_115brz8._.js:2431
[  327764ms] [LOG] [Fast Refresh] rebuilding @ http://localhost:3000/_next/static/chunks/node_modules_next_dist_115brz8._.js:2431
[  327979ms] [LOG] [Fast Refresh] done in 324ms @ http://localhost:3000/_next/static/chunks/node_modules_next_dist_115brz8._.js:2431
[  343719ms] [LOG] [Fast Refresh] rebuilding @ http://localhost:3000/_next/static/chunks/node_modules_next_dist_115brz8._.js:2431
[  343826ms] [LOG] [Fast Refresh] done in 223ms @ http://localhost:3000/_next/static/chunks/node_modules_next_dist_115brz8._.js:2431
[  349531ms] [LOG] [Fast Refresh] rebuilding @ http://localhost:3000/_next/static/chunks/node_modules_next_dist_115brz8._.js:2431
[  349651ms] [LOG] [Fast Refresh] done in 223ms @ http://localhost:3000/_next/static/chunks/node_modules_next_dist_115brz8._.js:2431
[  349762ms] [LOG] [Fast Refresh] rebuilding @ http://localhost:3000/_next/static/chunks/node_modules_next_dist_115brz8._.js:2431
[  349994ms] [LOG] [Fast Refresh] done in 343ms @ http://localhost:3000/_next/static/chunks/node_modules_next_dist_115brz8._.js:2431
[  361346ms] [LOG] [Fast Refresh] rebuilding @ http://localhost:3000/_next/static/chunks/node_modules_next_dist_115brz8._.js:2431
[  361785ms] [LOG] [Fast Refresh] done in 544ms @ http://localhost:3000/_next/static/chunks/node_modules_next_dist_115brz8._.js:2431
[  361898ms] [LOG] [Fast Refresh] rebuilding @ http://localhost:3000/_next/static/chunks/node_modules_next_dist_115brz8._.js:2431
[  362099ms] [LOG] [Fast Refresh] done in 313ms @ http://localhost:3000/_next/static/chunks/node_modules_next_dist_115brz8._.js:2431
[  362214ms] [LOG] [Fast Refresh] rebuilding @ http://localhost:3000/_next/static/chunks/node_modules_next_dist_115brz8._.js:2431
[  362234ms] [LOG] [Fast Refresh] done in 127ms @ http://localhost:3000/_next/static/chunks/node_modules_next_dist_115brz8._.js:2431
[  362347ms] [LOG] [Fast Refresh] rebuilding @ http://localhost:3000/_next/static/chunks/node_modules_next_dist_115brz8._.js:2431
[  362364ms] [LOG] [Fast Refresh] done in 123ms @ http://localhost:3000/_next/static/chunks/node_modules_next_dist_115brz8._.js:2431
[  369149ms] [LOG] [Fast Refresh] rebuilding @ http://localhost:3000/_next/static/chunks/node_modules_next_dist_115brz8._.js:2431
[  369290ms] [LOG] [Fast Refresh] done in 238ms @ http://localhost:3000/_next/static/chunks/node_modules_next_dist_115brz8._.js:2431
[  369408ms] [LOG] [Fast Refresh] rebuilding @ http://localhost:3000/_next/static/chunks/node_modules_next_dist_115brz8._.js:2431
[  369682ms] [LOG] [Fast Refresh] done in 384ms @ http://localhost:3000/_next/static/chunks/node_modules_next_dist_115brz8._.js:2431
[  371408ms] [LOG] [Fast Refresh] rebuilding @ http://localhost:3000/_next/static/chunks/node_modules_next_dist_115brz8._.js:2431
[  371603ms] [LOG] [Fast Refresh] done in 311ms @ http://localhost:3000/_next/static/chunks/node_modules_next_dist_115brz8._.js:2431
[  375665ms] [LOG] [Fast Refresh] rebuilding @ http://localhost:3000/_next/static/chunks/node_modules_next_dist_115brz8._.js:2431
[  375905ms] [ERROR] ./src/app/admin/pengaturan/page.tsx:427:7
Expected '</', got 'ident'
  425 |         </>
  426 |       )}
> 427 |     </div>
      |       ^^^
  428 |   );
  429 | }
  430 |

Parsing ecmascript source code failed

Import traces:
  Client Component Browser:
    ./src/app/admin/pengaturan/page.tsx [Client Component Browser]
    ./src/app/admin/pengaturan/page.tsx [Server Component]

  Client Component SSR:
    ./src/app/admin/pengaturan/page.tsx [Client Component SSR]
    ./src/app/admin/pengaturan/page.tsx [Server Component] @ http://localhost:3000/_next/static/chunks/node_modules_next_dist_115brz8._.js:3272
[  376028ms] [ERROR] ./src/app/admin/pengaturan/page.tsx:427:7
Expected '</', got 'ident'
  425 |         </>
  426 |       )}
> 427 |     </div>
      |       ^^^
  428 |   );
  429 | }
  430 |

Parsing ecmascript source code failed

Import traces:
  Client Component Browser:
    ./src/app/admin/pengaturan/page.tsx [Client Component Browser]
    ./src/app/admin/pengaturan/page.tsx [Server Component]

  Client Component SSR:
    ./src/app/admin/pengaturan/page.tsx [Client Component SSR]
    ./src/app/admin/pengaturan/page.tsx [Server Component] @ http://localhost:3000/_next/static/chunks/node_modules_next_dist_115brz8._.js:3272
[  376028ms] [ERROR] Failed to load resource: the server responded with a status of 500 (Internal Server Error) @ http://localhost:3000/admin/pengurus-rt?_rsc=10t6l:0
[  376119ms] [ERROR] Failed to load resource: the server responded with a status of 500 (Internal Server Error) @ http://localhost:3000/admin/pengurus-rt?_rsc=10t6l:0
[  376143ms] [ERROR] ./src/app/admin/pengaturan/page.tsx:427:7
Expected '</', got 'ident'
  425 |         </>
  426 |       )}
> 427 |     </div>
      |       ^^^
  428 |   );
  429 | }
  430 |

Parsing ecmascript source code failed

Import traces:
  Client Component Browser:
    ./src/app/admin/pengaturan/page.tsx [Client Component Browser]
    ./src/app/admin/pengaturan/page.tsx [Server Component]

  Client Component SSR:
    ./src/app/admin/pengaturan/page.tsx [Client Component SSR]
    ./src/app/admin/pengaturan/page.tsx [Server Component] @ http://localhost:3000/_next/static/chunks/node_modules_next_dist_115brz8._.js:3272
[  376143ms] [LOG] [Fast Refresh] rebuilding @ http://localhost:3000/_next/static/chunks/node_modules_next_dist_115brz8._.js:2431
[  376230ms] [ERROR] ./src/app/admin/pengaturan/page.tsx:427:7
Expected '</', got 'ident'
  425 |         </>
  426 |       )}
> 427 |     </div>
      |       ^^^
  428 |   );
  429 | }
  430 |

Parsing ecmascript source code failed

Import traces:
  Client Component Browser:
    ./src/app/admin/pengaturan/page.tsx [Client Component Browser]
    ./src/app/admin/pengaturan/page.tsx [Server Component]

  Client Component SSR:
    ./src/app/admin/pengaturan/page.tsx [Client Component SSR]
    ./src/app/admin/pengaturan/page.tsx [Server Component] @ http://localhost:3000/_next/static/chunks/node_modules_next_dist_115brz8._.js:3272
[  376257ms] [ERROR] Failed to load resource: the server responded with a status of 500 (Internal Server Error) @ http://localhost:3000/admin/pengurus-rt:0
[  376397ms] [INFO] %cDownload the React DevTools for a better development experience: https://react.dev/link/react-devtools font-weight:bold @ http://localhost:3000/_next/static/chunks/node_modules_react-dom_0bruynb._.js:15305
[  376512ms] Error: ./src/app/admin/pengaturan/page.tsx:427:7
Expected '</', got 'ident'
  425 |         </>
  426 |       )}
> 427 |     </div>
      |       ^^^
  428 |   );
  429 | }
  430 |

Parsing ecmascript source code failed

Import traces:
  Client Component Browser:
    ./src/app/admin/pengaturan/page.tsx [Client Component Browser]
    ./src/app/admin/pengaturan/page.tsx [Server Component]

  Client Component SSR:
    ./src/app/admin/pengaturan/page.tsx [Client Component SSR]
    ./src/app/admin/pengaturan/page.tsx [Server Component]


    at <unknown> (Error: ./src/app/admin/pengaturan/page.tsx:427:7)
    at Object.getCompilationErrors (file://C:\KULIAH\Project Portfolio\si-rw12\node_modules\next\dist\server\dev\hot-reloader-turbopack.js:1186:59)
    at DevBundlerService.getCompilationError (file://C:\KULIAH\Project Portfolio\si-rw12\node_modules\next\dist\server\lib\dev-bundler-service.js:44:55)
    at DevServer.getCompilationError (file://C:\KULIAH\Project Portfolio\si-rw12\node_modules\next\dist\server\dev\next-dev-server.js:719:42)
    at DevServer.findPageComponents (file://C:\KULIAH\Project Portfolio\si-rw12\node_modules\next\dist\server\dev\next-dev-server.js:689:43)
    at async DevServer.renderErrorToResponseImpl (file://C:\KULIAH\Project Portfolio\si-rw12\node_modules\next\dist\server\base-server.js:1745:26)
[  376513ms] [LOG] [HMR] connected @ http://localhost:3000/_next/static/chunks/node_modules_next_dist_0u_w_5s._.js:1226
[  376518ms] [ERROR] ./src/app/admin/pengaturan/page.tsx:427:7
Expected '</', got 'ident'
  425 |         </>
  426 |       )}
> 427 |     </div>
      |       ^^^
  428 |   );
  429 | }
  430 |

Parsing ecmascript source code failed

Import traces:
  Client Component Browser:
    ./src/app/admin/pengaturan/page.tsx [Client Component Browser]
    ./src/app/admin/pengaturan/page.tsx [Server Component]

  Client Component SSR:
    ./src/app/admin/pengaturan/page.tsx [Client Component SSR]
    ./src/app/admin/pengaturan/page.tsx [Server Component] @ http://localhost:3000/_next/static/chunks/node_modules_next_dist_0u_w_5s._.js:1945
[  376567ms] [ERROR] ./src/app/admin/pengaturan/page.tsx:427:7
Expected '</', got 'ident'
  425 |         </>
  426 |       )}
> 427 |     </div>
      |       ^^^
  428 |   );
  429 | }
  430 |

Parsing ecmascript source code failed

Import traces:
  Client Component Browser:
    ./src/app/admin/pengaturan/page.tsx [Client Component Browser]
    ./src/app/admin/pengaturan/page.tsx [Server Component]

  Client Component SSR:
    ./src/app/admin/pengaturan/page.tsx [Client Component SSR]
    ./src/app/admin/pengaturan/page.tsx [Server Component] @ http://localhost:3000/_next/static/chunks/node_modules_next_dist_0u_w_5s._.js:1945
[  376605ms] [ERROR] ./src/app/admin/pengaturan/page.tsx:427:7
Expected '</', got 'ident'
  425 |         </>
  426 |       )}
> 427 |     </div>
      |       ^^^
  428 |   );
  429 | }
  430 |

Parsing ecmascript source code failed

Import traces:
  Client Component Browser:
    ./src/app/admin/pengaturan/page.tsx [Client Component Browser]
    ./src/app/admin/pengaturan/page.tsx [Server Component]

  Client Component SSR:
    ./src/app/admin/pengaturan/page.tsx [Client Component SSR]
    ./src/app/admin/pengaturan/page.tsx [Server Component] @ http://localhost:3000/_next/static/chunks/node_modules_next_dist_0u_w_5s._.js:1945
[  376677ms] [ERROR] ./src/app/admin/pengaturan/page.tsx:427:7
Expected '</', got 'ident'
  425 |         </>
  426 |       )}
> 427 |     </div>
      |       ^^^
  428 |   );
  429 | }
  430 |

Parsing ecmascript source code failed

Import traces:
  Client Component Browser:
    ./src/app/admin/pengaturan/page.tsx [Client Component Browser]
    ./src/app/admin/pengaturan/page.tsx [Server Component]

  Client Component SSR:
    ./src/app/admin/pengaturan/page.tsx [Client Component SSR]
    ./src/app/admin/pengaturan/page.tsx [Server Component] @ http://localhost:3000/_next/static/chunks/node_modules_next_dist_0u_w_5s._.js:1945
[  376711ms] [LOG] [Fast Refresh] rebuilding @ http://localhost:3000/_next/static/chunks/node_modules_next_dist_0u_w_5s._.js:1226
[  376788ms] [ERROR] ./src/app/admin/pengaturan/page.tsx:427:7
Expected '</', got 'ident'
  425 |         </>
  426 |       )}
> 427 |     </div>
      |       ^^^
  428 |   );
  429 | }
  430 |

Parsing ecmascript source code failed

Import traces:
  Client Component Browser:
    ./src/app/admin/pengaturan/page.tsx [Client Component Browser]
    ./src/app/admin/pengaturan/page.tsx [Server Component]

  Client Component SSR:
    ./src/app/admin/pengaturan/page.tsx [Client Component SSR]
    ./src/app/admin/pengaturan/page.tsx [Server Component] @ http://localhost:3000/_next/static/chunks/node_modules_next_dist_0u_w_5s._.js:1945
[  376817ms] [LOG] [Fast Refresh] rebuilding @ http://localhost:3000/_next/static/chunks/node_modules_next_dist_0u_w_5s._.js:1226
[  376897ms] [ERROR] ./src/app/admin/pengaturan/page.tsx:427:7
Expected '</', got 'ident'
  425 |         </>
  426 |       )}
> 427 |     </div>
      |       ^^^
  428 |   );
  429 | }
  430 |

Parsing ecmascript source code failed

Import traces:
  Client Component Browser:
    ./src/app/admin/pengaturan/page.tsx [Client Component Browser]
    ./src/app/admin/pengaturan/page.tsx [Server Component]

  Client Component SSR:
    ./src/app/admin/pengaturan/page.tsx [Client Component SSR]
    ./src/app/admin/pengaturan/page.tsx [Server Component] @ http://localhost:3000/_next/static/chunks/node_modules_next_dist_0u_w_5s._.js:1945
[  376918ms] [LOG] [Fast Refresh] rebuilding @ http://localhost:3000/_next/static/chunks/node_modules_next_dist_0u_w_5s._.js:1226
[  377007ms] [ERROR] ./src/app/admin/pengaturan/page.tsx:427:7
Expected '</', got 'ident'
  425 |         </>
  426 |       )}
> 427 |     </div>
      |       ^^^
  428 |   );
  429 | }
  430 |

Parsing ecmascript source code failed

Import traces:
  Client Component Browser:
    ./src/app/admin/pengaturan/page.tsx [Client Component Browser]
    ./src/app/admin/pengaturan/page.tsx [Server Component]

  Client Component SSR:
    ./src/app/admin/pengaturan/page.tsx [Client Component SSR]
    ./src/app/admin/pengaturan/page.tsx [Server Component] @ http://localhost:3000/_next/static/chunks/node_modules_next_dist_0u_w_5s._.js:1945
[  377027ms] [LOG] [Fast Refresh] rebuilding @ http://localhost:3000/_next/static/chunks/node_modules_next_dist_0u_w_5s._.js:1226
[  377116ms] [ERROR] ./src/app/admin/pengaturan/page.tsx:427:7
Expected '</', got 'ident'
  425 |         </>
  426 |       )}
> 427 |     </div>
      |       ^^^
  428 |   );
  429 | }
  430 |

Parsing ecmascript source code failed

Import traces:
  Client Component Browser:
    ./src/app/admin/pengaturan/page.tsx [Client Component Browser]
    ./src/app/admin/pengaturan/page.tsx [Server Component]

  Client Component SSR:
    ./src/app/admin/pengaturan/page.tsx [Client Component SSR]
    ./src/app/admin/pengaturan/page.tsx [Server Component] @ http://localhost:3000/_next/static/chunks/node_modules_next_dist_0u_w_5s._.js:1945
[  377190ms] [ERROR] ./src/app/admin/pengaturan/page.tsx:427:7
Expected '</', got 'ident'
  425 |         </>
  426 |       )}
> 427 |     </div>
      |       ^^^
  428 |   );
  429 | }
  430 |

Parsing ecmascript source code failed

Import traces:
  Client Component Browser:
    ./src/app/admin/pengaturan/page.tsx [Client Component Browser]
    ./src/app/admin/pengaturan/page.tsx [Server Component]

  Client Component SSR:
    ./src/app/admin/pengaturan/page.tsx [Client Component SSR]
    ./src/app/admin/pengaturan/page.tsx [Server Component] @ http://localhost:3000/_next/static/chunks/node_modules_next_dist_0u_w_5s._.js:1945
[  377265ms] [ERROR] ./src/app/admin/pengaturan/page.tsx:427:7
Expected '</', got 'ident'
  425 |         </>
  426 |       )}
> 427 |     </div>
      |       ^^^
  428 |   );
  429 | }
  430 |

Parsing ecmascript source code failed

Import traces:
  Client Component Browser:
    ./src/app/admin/pengaturan/page.tsx [Client Component Browser]
    ./src/app/admin/pengaturan/page.tsx [Server Component]

  Client Component SSR:
    ./src/app/admin/pengaturan/page.tsx [Client Component SSR]
    ./src/app/admin/pengaturan/page.tsx [Server Component] @ http://localhost:3000/_next/static/chunks/node_modules_next_dist_0u_w_5s._.js:1945
[  377340ms] [ERROR] ./src/app/admin/pengaturan/page.tsx:427:7
Expected '</', got 'ident'
  425 |         </>
  426 |       )}
> 427 |     </div>
      |       ^^^
  428 |   );
  429 | }
  430 |

Parsing ecmascript source code failed

Import traces:
  Client Component Browser:
    ./src/app/admin/pengaturan/page.tsx [Client Component Browser]
    ./src/app/admin/pengaturan/page.tsx [Server Component]

  Client Component SSR:
    ./src/app/admin/pengaturan/page.tsx [Client Component SSR]
    ./src/app/admin/pengaturan/page.tsx [Server Component] @ http://localhost:3000/_next/static/chunks/node_modules_next_dist_0u_w_5s._.js:1945
[  377418ms] [ERROR] ./src/app/admin/pengaturan/page.tsx:427:7
Expected '</', got 'ident'
  425 |         </>
  426 |       )}
> 427 |     </div>
      |       ^^^
  428 |   );
  429 | }
  430 |

Parsing ecmascript source code failed

Import traces:
  Client Component Browser:
    ./src/app/admin/pengaturan/page.tsx [Client Component Browser]
    ./src/app/admin/pengaturan/page.tsx [Server Component]

  Client Component SSR:
    ./src/app/admin/pengaturan/page.tsx [Client Component SSR]
    ./src/app/admin/pengaturan/page.tsx [Server Component] @ http://localhost:3000/_next/static/chunks/node_modules_next_dist_0u_w_5s._.js:1945
[  377494ms] [ERROR] ./src/app/admin/pengaturan/page.tsx:427:7
Expected '</', got 'ident'
  425 |         </>
  426 |       )}
> 427 |     </div>
      |       ^^^
  428 |   );
  429 | }
  430 |

Parsing ecmascript source code failed

Import traces:
  Client Component Browser:
    ./src/app/admin/pengaturan/page.tsx [Client Component Browser]
    ./src/app/admin/pengaturan/page.tsx [Server Component]

  Client Component SSR:
    ./src/app/admin/pengaturan/page.tsx [Client Component SSR]
    ./src/app/admin/pengaturan/page.tsx [Server Component] @ http://localhost:3000/_next/static/chunks/node_modules_next_dist_0u_w_5s._.js:1945
[  377586ms] [ERROR] ./src/app/admin/pengaturan/page.tsx:427:7
Expected '</', got 'ident'
  425 |         </>
  426 |       )}
> 427 |     </div>
      |       ^^^
  428 |   );
  429 | }
  430 |

Parsing ecmascript source code failed

Import traces:
  Client Component Browser:
    ./src/app/admin/pengaturan/page.tsx [Client Component Browser]
    ./src/app/admin/pengaturan/page.tsx [Server Component]

  Client Component SSR:
    ./src/app/admin/pengaturan/page.tsx [Client Component SSR]
    ./src/app/admin/pengaturan/page.tsx [Server Component] @ http://localhost:3000/_next/static/chunks/node_modules_next_dist_0u_w_5s._.js:1945
[  377660ms] [ERROR] ./src/app/admin/pengaturan/page.tsx:427:7
Expected '</', got 'ident'
  425 |         </>
  426 |       )}
> 427 |     </div>
      |       ^^^
  428 |   );
  429 | }
  430 |

Parsing ecmascript source code failed

Import traces:
  Client Component Browser:
    ./src/app/admin/pengaturan/page.tsx [Client Component Browser]
    ./src/app/admin/pengaturan/page.tsx [Server Component]

  Client Component SSR:
    ./src/app/admin/pengaturan/page.tsx [Client Component SSR]
    ./src/app/admin/pengaturan/page.tsx [Server Component] @ http://localhost:3000/_next/static/chunks/node_modules_next_dist_0u_w_5s._.js:1945
[  377737ms] [ERROR] ./src/app/admin/pengaturan/page.tsx:427:7
Expected '</', got 'ident'
  425 |         </>
  426 |       )}
> 427 |     </div>
      |       ^^^
  428 |   );
  429 | }
  430 |

Parsing ecmascript source code failed

Import traces:
  Client Component Browser:
    ./src/app/admin/pengaturan/page.tsx [Client Component Browser]
    ./src/app/admin/pengaturan/page.tsx [Server Component]

  Client Component SSR:
    ./src/app/admin/pengaturan/page.tsx [Client Component SSR]
    ./src/app/admin/pengaturan/page.tsx [Server Component] @ http://localhost:3000/_next/static/chunks/node_modules_next_dist_0u_w_5s._.js:1945
[  377815ms] [ERROR] ./src/app/admin/pengaturan/page.tsx:427:7
Expected '</', got 'ident'
  425 |         </>
  426 |       )}
> 427 |     </div>
      |       ^^^
  428 |   );
  429 | }
  430 |

Parsing ecmascript source code failed

Import traces:
  Client Component Browser:
    ./src/app/admin/pengaturan/page.tsx [Client Component Browser]
    ./src/app/admin/pengaturan/page.tsx [Server Component]

  Client Component SSR:
    ./src/app/admin/pengaturan/page.tsx [Client Component SSR]
    ./src/app/admin/pengaturan/page.tsx [Server Component] @ http://localhost:3000/_next/static/chunks/node_modules_next_dist_0u_w_5s._.js:1945
[  377893ms] [ERROR] ./src/app/admin/pengaturan/page.tsx:427:7
Expected '</', got 'ident'
  425 |         </>
  426 |       )}
> 427 |     </div>
      |       ^^^
  428 |   );
  429 | }
  430 |

Parsing ecmascript source code failed

Import traces:
  Client Component Browser:
    ./src/app/admin/pengaturan/page.tsx [Client Component Browser]
    ./src/app/admin/pengaturan/page.tsx [Server Component]

  Client Component SSR:
    ./src/app/admin/pengaturan/page.tsx [Client Component SSR]
    ./src/app/admin/pengaturan/page.tsx [Server Component] @ http://localhost:3000/_next/static/chunks/node_modules_next_dist_0u_w_5s._.js:1945
[  377975ms] [ERROR] ./src/app/admin/pengaturan/page.tsx:427:7
Expected '</', got 'ident'
  425 |         </>
  426 |       )}
> 427 |     </div>
      |       ^^^
  428 |   );
  429 | }
  430 |

Parsing ecmascript source code failed

Import traces:
  Client Component Browser:
    ./src/app/admin/pengaturan/page.tsx [Client Component Browser]
    ./src/app/admin/pengaturan/page.tsx [Server Component]

  Client Component SSR:
    ./src/app/admin/pengaturan/page.tsx [Client Component SSR]
    ./src/app/admin/pengaturan/page.tsx [Server Component] @ http://localhost:3000/_next/static/chunks/node_modules_next_dist_0u_w_5s._.js:1945
[  378068ms] [ERROR] ./src/app/admin/pengaturan/page.tsx:427:7
Expected '</', got 'ident'
  425 |         </>
  426 |       )}
> 427 |     </div>
      |       ^^^
  428 |   );
  429 | }
  430 |

Parsing ecmascript source code failed

Import traces:
  Client Component Browser:
    ./src/app/admin/pengaturan/page.tsx [Client Component Browser]
    ./src/app/admin/pengaturan/page.tsx [Server Component]

  Client Component SSR:
    ./src/app/admin/pengaturan/page.tsx [Client Component SSR]
    ./src/app/admin/pengaturan/page.tsx [Server Component] @ http://localhost:3000/_next/static/chunks/node_modules_next_dist_0u_w_5s._.js:1945
[  378159ms] [ERROR] ./src/app/admin/pengaturan/page.tsx:427:7
Expected '</', got 'ident'
  425 |         </>
  426 |       )}
> 427 |     </div>
      |       ^^^
  428 |   );
  429 | }
  430 |

Parsing ecmascript source code failed

Import traces:
  Client Component Browser:
    ./src/app/admin/pengaturan/page.tsx [Client Component Browser]
    ./src/app/admin/pengaturan/page.tsx [Server Component]

  Client Component SSR:
    ./src/app/admin/pengaturan/page.tsx [Client Component SSR]
    ./src/app/admin/pengaturan/page.tsx [Server Component] @ http://localhost:3000/_next/static/chunks/node_modules_next_dist_0u_w_5s._.js:1945
[  378239ms] [ERROR] ./src/app/admin/pengaturan/page.tsx:427:7
Expected '</', got 'ident'
  425 |         </>
  426 |       )}
> 427 |     </div>
      |       ^^^
  428 |   );
  429 | }
  430 |

Parsing ecmascript source code failed

Import traces:
  Client Component Browser:
    ./src/app/admin/pengaturan/page.tsx [Client Component Browser]
    ./src/app/admin/pengaturan/page.tsx [Server Component]

  Client Component SSR:
    ./src/app/admin/pengaturan/page.tsx [Client Component SSR]
    ./src/app/admin/pengaturan/page.tsx [Server Component] @ http://localhost:3000/_next/static/chunks/node_modules_next_dist_0u_w_5s._.js:1945
[  378330ms] [ERROR] ./src/app/admin/pengaturan/page.tsx:427:7
Expected '</', got 'ident'
  425 |         </>
  426 |       )}
> 427 |     </div>
      |       ^^^
  428 |   );
  429 | }
  430 |

Parsing ecmascript source code failed

Import traces:
  Client Component Browser:
    ./src/app/admin/pengaturan/page.tsx [Client Component Browser]
    ./src/app/admin/pengaturan/page.tsx [Server Component]

  Client Component SSR:
    ./src/app/admin/pengaturan/page.tsx [Client Component SSR]
    ./src/app/admin/pengaturan/page.tsx [Server Component] @ http://localhost:3000/_next/static/chunks/node_modules_next_dist_0u_w_5s._.js:1945
[  378405ms] [ERROR] ./src/app/admin/pengaturan/page.tsx:427:7
Expected '</', got 'ident'
  425 |         </>
  426 |       )}
> 427 |     </div>
      |       ^^^
  428 |   );
  429 | }
  430 |

Parsing ecmascript source code failed

Import traces:
  Client Component Browser:
    ./src/app/admin/pengaturan/page.tsx [Client Component Browser]
    ./src/app/admin/pengaturan/page.tsx [Server Component]

  Client Component SSR:
    ./src/app/admin/pengaturan/page.tsx [Client Component SSR]
    ./src/app/admin/pengaturan/page.tsx [Server Component] @ http://localhost:3000/_next/static/chunks/node_modules_next_dist_0u_w_5s._.js:1945
[  378481ms] [ERROR] ./src/app/admin/pengaturan/page.tsx:427:7
Expected '</', got 'ident'
  425 |         </>
  426 |       )}
> 427 |     </div>
      |       ^^^
  428 |   );
  429 | }
  430 |

Parsing ecmascript source code failed

Import traces:
  Client Component Browser:
    ./src/app/admin/pengaturan/page.tsx [Client Component Browser]
    ./src/app/admin/pengaturan/page.tsx [Server Component]

  Client Component SSR:
    ./src/app/admin/pengaturan/page.tsx [Client Component SSR]
    ./src/app/admin/pengaturan/page.tsx [Server Component] @ http://localhost:3000/_next/static/chunks/node_modules_next_dist_0u_w_5s._.js:1945
[  378559ms] [ERROR] ./src/app/admin/pengaturan/page.tsx:427:7
Expected '</', got 'ident'
  425 |         </>
  426 |       )}
> 427 |     </div>
      |       ^^^
  428 |   );
  429 | }
  430 |

Parsing ecmascript source code failed

Import traces:
  Client Component Browser:
    ./src/app/admin/pengaturan/page.tsx [Client Component Browser]
    ./src/app/admin/pengaturan/page.tsx [Server Component]

  Client Component SSR:
    ./src/app/admin/pengaturan/page.tsx [Client Component SSR]
    ./src/app/admin/pengaturan/page.tsx [Server Component] @ http://localhost:3000/_next/static/chunks/node_modules_next_dist_0u_w_5s._.js:1945
[  378638ms] [ERROR] ./src/app/admin/pengaturan/page.tsx:427:7
Expected '</', got 'ident'
  425 |         </>
  426 |       )}
> 427 |     </div>
      |       ^^^
  428 |   );
  429 | }
  430 |

Parsing ecmascript source code failed

Import traces:
  Client Component Browser:
    ./src/app/admin/pengaturan/page.tsx [Client Component Browser]
    ./src/app/admin/pengaturan/page.tsx [Server Component]

  Client Component SSR:
    ./src/app/admin/pengaturan/page.tsx [Client Component SSR]
    ./src/app/admin/pengaturan/page.tsx [Server Component] @ http://localhost:3000/_next/static/chunks/node_modules_next_dist_0u_w_5s._.js:1945
[  378713ms] [ERROR] ./src/app/admin/pengaturan/page.tsx:427:7
Expected '</', got 'ident'
  425 |         </>
  426 |       )}
> 427 |     </div>
      |       ^^^
  428 |   );
  429 | }
  430 |

Parsing ecmascript source code failed

Import traces:
  Client Component Browser:
    ./src/app/admin/pengaturan/page.tsx [Client Component Browser]
    ./src/app/admin/pengaturan/page.tsx [Server Component]

  Client Component SSR:
    ./src/app/admin/pengaturan/page.tsx [Client Component SSR]
    ./src/app/admin/pengaturan/page.tsx [Server Component] @ http://localhost:3000/_next/static/chunks/node_modules_next_dist_0u_w_5s._.js:1945
[  378808ms] [ERROR] ./src/app/admin/pengaturan/page.tsx:427:7
Expected '</', got 'ident'
  425 |         </>
  426 |       )}
> 427 |     </div>
      |       ^^^
  428 |   );
  429 | }
  430 |

Parsing ecmascript source code failed

Import traces:
  Client Component Browser:
    ./src/app/admin/pengaturan/page.tsx [Client Component Browser]
    ./src/app/admin/pengaturan/page.tsx [Server Component]

  Client Component SSR:
    ./src/app/admin/pengaturan/page.tsx [Client Component SSR]
    ./src/app/admin/pengaturan/page.tsx [Server Component] @ http://localhost:3000/_next/static/chunks/node_modules_next_dist_0u_w_5s._.js:1945
[  378901ms] [ERROR] ./src/app/admin/pengaturan/page.tsx:427:7
Expected '</', got 'ident'
  425 |         </>
  426 |       )}
> 427 |     </div>
      |       ^^^
  428 |   );
  429 | }
  430 |

Parsing ecmascript source code failed

Import traces:
  Client Component Browser:
    ./src/app/admin/pengaturan/page.tsx [Client Component Browser]
    ./src/app/admin/pengaturan/page.tsx [Server Component]

  Client Component SSR:
    ./src/app/admin/pengaturan/page.tsx [Client Component SSR]
    ./src/app/admin/pengaturan/page.tsx [Server Component] @ http://localhost:3000/_next/static/chunks/node_modules_next_dist_0u_w_5s._.js:1945
[  378995ms] [ERROR] ./src/app/admin/pengaturan/page.tsx:427:7
Expected '</', got 'ident'
  425 |         </>
  426 |       )}
> 427 |     </div>
      |       ^^^
  428 |   );
  429 | }
  430 |

Parsing ecmascript source code failed

Import traces:
  Client Component Browser:
    ./src/app/admin/pengaturan/page.tsx [Client Component Browser]
    ./src/app/admin/pengaturan/page.tsx [Server Component]

  Client Component SSR:
    ./src/app/admin/pengaturan/page.tsx [Client Component SSR]
    ./src/app/admin/pengaturan/page.tsx [Server Component] @ http://localhost:3000/_next/static/chunks/node_modules_next_dist_0u_w_5s._.js:1945
[  379088ms] [ERROR] ./src/app/admin/pengaturan/page.tsx:427:7
Expected '</', got 'ident'
  425 |         </>
  426 |       )}
> 427 |     </div>
      |       ^^^
  428 |   );
  429 | }
  430 |

Parsing ecmascript source code failed

Import traces:
  Client Component Browser:
    ./src/app/admin/pengaturan/page.tsx [Client Component Browser]
    ./src/app/admin/pengaturan/page.tsx [Server Component]

  Client Component SSR:
    ./src/app/admin/pengaturan/page.tsx [Client Component SSR]
    ./src/app/admin/pengaturan/page.tsx [Server Component] @ http://localhost:3000/_next/static/chunks/node_modules_next_dist_0u_w_5s._.js:1945
[  379164ms] [ERROR] ./src/app/admin/pengaturan/page.tsx:427:7
Expected '</', got 'ident'
  425 |         </>
  426 |       )}
> 427 |     </div>
      |       ^^^
  428 |   );
  429 | }
  430 |

Parsing ecmascript source code failed

Import traces:
  Client Component Browser:
    ./src/app/admin/pengaturan/page.tsx [Client Component Browser]
    ./src/app/admin/pengaturan/page.tsx [Server Component]

  Client Component SSR:
    ./src/app/admin/pengaturan/page.tsx [Client Component SSR]
    ./src/app/admin/pengaturan/page.tsx [Server Component] @ http://localhost:3000/_next/static/chunks/node_modules_next_dist_0u_w_5s._.js:1945
[  379240ms] [ERROR] ./src/app/admin/pengaturan/page.tsx:427:7
Expected '</', got 'ident'
  425 |         </>
  426 |       )}
> 427 |     </div>
      |       ^^^
  428 |   );
  429 | }
  430 |

Parsing ecmascript source code failed

Import traces:
  Client Component Browser:
    ./src/app/admin/pengaturan/page.tsx [Client Component Browser]
    ./src/app/admin/pengaturan/page.tsx [Server Component]

  Client Component SSR:
    ./src/app/admin/pengaturan/page.tsx [Client Component SSR]
    ./src/app/admin/pengaturan/page.tsx [Server Component] @ http://localhost:3000/_next/static/chunks/node_modules_next_dist_0u_w_5s._.js:1945
[  379315ms] [ERROR] ./src/app/admin/pengaturan/page.tsx:427:7
Expected '</', got 'ident'
  425 |         </>
  426 |       )}
> 427 |     </div>
      |       ^^^
  428 |   );
  429 | }
  430 |

Parsing ecmascript source code failed

Import traces:
  Client Component Browser:
    ./src/app/admin/pengaturan/page.tsx [Client Component Browser]
    ./src/app/admin/pengaturan/page.tsx [Server Component]

  Client Component SSR:
    ./src/app/admin/pengaturan/page.tsx [Client Component SSR]
    ./src/app/admin/pengaturan/page.tsx [Server Component] @ http://localhost:3000/_next/static/chunks/node_modules_next_dist_0u_w_5s._.js:1945
[  379435ms] [ERROR] Failed to load resource: the server responded with a status of 500 (Internal Server Error) @ http://localhost:3000/admin/pengurus-rt:0
[  379491ms] [INFO] %cDownload the React DevTools for a better development experience: https://react.dev/link/react-devtools font-weight:bold @ http://localhost:3000/_next/static/chunks/node_modules_react-dom_0bruynb._.js:15305
[  379514ms] Error: ./src/app/admin/pengaturan/page.tsx:427:7
Expected '</', got 'ident'
  425 |         </>
  426 |       )}
> 427 |     </div>
      |       ^^^
  428 |   );
  429 | }
  430 |

Parsing ecmascript source code failed

Import traces:
  Client Component Browser:
    ./src/app/admin/pengaturan/page.tsx [Client Component Browser]
    ./src/app/admin/pengaturan/page.tsx [Server Component]

  Client Component SSR:
    ./src/app/admin/pengaturan/page.tsx [Client Component SSR]
    ./src/app/admin/pengaturan/page.tsx [Server Component]


    at <unknown> (Error: ./src/app/admin/pengaturan/page.tsx:427:7)
    at Object.getCompilationErrors (file://C:\KULIAH\Project Portfolio\si-rw12\node_modules\next\dist\server\dev\hot-reloader-turbopack.js:1186:59)
    at DevBundlerService.getCompilationError (file://C:\KULIAH\Project Portfolio\si-rw12\node_modules\next\dist\server\lib\dev-bundler-service.js:44:55)
    at DevServer.getCompilationError (file://C:\KULIAH\Project Portfolio\si-rw12\node_modules\next\dist\server\dev\next-dev-server.js:719:42)
    at DevServer.findPageComponents (file://C:\KULIAH\Project Portfolio\si-rw12\node_modules\next\dist\server\dev\next-dev-server.js:689:43)
    at async DevServer.renderErrorToResponseImpl (file://C:\KULIAH\Project Portfolio\si-rw12\node_modules\next\dist\server\base-server.js:1745:26)
[  379515ms] [LOG] [HMR] connected @ http://localhost:3000/_next/static/chunks/node_modules_next_dist_0u_w_5s._.js:1226
[  379517ms] [ERROR] ./src/app/admin/pengaturan/page.tsx:427:7
Expected '</', got 'ident'
  425 |         </>
  426 |       )}
> 427 |     </div>
      |       ^^^
  428 |   );
  429 | }
  430 |

Parsing ecmascript source code failed

Import traces:
  Client Component Browser:
    ./src/app/admin/pengaturan/page.tsx [Client Component Browser]
    ./src/app/admin/pengaturan/page.tsx [Server Component]

  Client Component SSR:
    ./src/app/admin/pengaturan/page.tsx [Client Component SSR]
    ./src/app/admin/pengaturan/page.tsx [Server Component] @ http://localhost:3000/_next/static/chunks/node_modules_next_dist_0u_w_5s._.js:1945
[  379606ms] [ERROR] ./src/app/admin/pengaturan/page.tsx:427:7
Expected '</', got 'ident'
  425 |         </>
  426 |       )}
> 427 |     </div>
      |       ^^^
  428 |   );
  429 | }
  430 |

Parsing ecmascript source code failed

Import traces:
  Client Component Browser:
    ./src/app/admin/pengaturan/page.tsx [Client Component Browser]
    ./src/app/admin/pengaturan/page.tsx [Server Component]

  Client Component SSR:
    ./src/app/admin/pengaturan/page.tsx [Client Component SSR]
    ./src/app/admin/pengaturan/page.tsx [Server Component] @ http://localhost:3000/_next/static/chunks/node_modules_next_dist_0u_w_5s._.js:1945
[  379700ms] [ERROR] ./src/app/admin/pengaturan/page.tsx:427:7
Expected '</', got 'ident'
  425 |         </>
  426 |       )}
> 427 |     </div>
      |       ^^^
  428 |   );
  429 | }
  430 |

Parsing ecmascript source code failed

Import traces:
  Client Component Browser:
    ./src/app/admin/pengaturan/page.tsx [Client Component Browser]
    ./src/app/admin/pengaturan/page.tsx [Server Component]

  Client Component SSR:
    ./src/app/admin/pengaturan/page.tsx [Client Component SSR]
    ./src/app/admin/pengaturan/page.tsx [Server Component] @ http://localhost:3000/_next/static/chunks/node_modules_next_dist_0u_w_5s._.js:1945
[  379776ms] [ERROR] ./src/app/admin/pengaturan/page.tsx:427:7
Expected '</', got 'ident'
  425 |         </>
  426 |       )}
> 427 |     </div>
      |       ^^^
  428 |   );
  429 | }
  430 |

Parsing ecmascript source code failed

Import traces:
  Client Component Browser:
    ./src/app/admin/pengaturan/page.tsx [Client Component Browser]
    ./src/app/admin/pengaturan/page.tsx [Server Component]

  Client Component SSR:
    ./src/app/admin/pengaturan/page.tsx [Client Component SSR]
    ./src/app/admin/pengaturan/page.tsx [Server Component] @ http://localhost:3000/_next/static/chunks/node_modules_next_dist_0u_w_5s._.js:1945
[  379866ms] [ERROR] ./src/app/admin/pengaturan/page.tsx:427:7
Expected '</', got 'ident'
  425 |         </>
  426 |       )}
> 427 |     </div>
      |       ^^^
  428 |   );
  429 | }
  430 |

Parsing ecmascript source code failed

Import traces:
  Client Component Browser:
    ./src/app/admin/pengaturan/page.tsx [Client Component Browser]
    ./src/app/admin/pengaturan/page.tsx [Server Component]

  Client Component SSR:
    ./src/app/admin/pengaturan/page.tsx [Client Component SSR]
    ./src/app/admin/pengaturan/page.tsx [Server Component] @ http://localhost:3000/_next/static/chunks/node_modules_next_dist_0u_w_5s._.js:1945
[  379941ms] [ERROR] ./src/app/admin/pengaturan/page.tsx:427:7
Expected '</', got 'ident'
  425 |         </>
  426 |       )}
> 427 |     </div>
      |       ^^^
  428 |   );
  429 | }
  430 |

Parsing ecmascript source code failed

Import traces:
  Client Component Browser:
    ./src/app/admin/pengaturan/page.tsx [Client Component Browser]
    ./src/app/admin/pengaturan/page.tsx [Server Component]

  Client Component SSR:
    ./src/app/admin/pengaturan/page.tsx [Client Component SSR]
    ./src/app/admin/pengaturan/page.tsx [Server Component] @ http://localhost:3000/_next/static/chunks/node_modules_next_dist_0u_w_5s._.js:1945
[  380017ms] [ERROR] ./src/app/admin/pengaturan/page.tsx:427:7
Expected '</', got 'ident'
  425 |         </>
  426 |       )}
> 427 |     </div>
      |       ^^^
  428 |   );
  429 | }
  430 |

Parsing ecmascript source code failed

Import traces:
  Client Component Browser:
    ./src/app/admin/pengaturan/page.tsx [Client Component Browser]
    ./src/app/admin/pengaturan/page.tsx [Server Component]

  Client Component SSR:
    ./src/app/admin/pengaturan/page.tsx [Client Component SSR]
    ./src/app/admin/pengaturan/page.tsx [Server Component] @ http://localhost:3000/_next/static/chunks/node_modules_next_dist_0u_w_5s._.js:1945
[  380110ms] [ERROR] ./src/app/admin/pengaturan/page.tsx:427:7
Expected '</', got 'ident'
  425 |         </>
  426 |       )}
> 427 |     </div>
      |       ^^^
  428 |   );
  429 | }
  430 |

Parsing ecmascript source code failed

Import traces:
  Client Component Browser:
    ./src/app/admin/pengaturan/page.tsx [Client Component Browser]
    ./src/app/admin/pengaturan/page.tsx [Server Component]

  Client Component SSR:
    ./src/app/admin/pengaturan/page.tsx [Client Component SSR]
    ./src/app/admin/pengaturan/page.tsx [Server Component] @ http://localhost:3000/_next/static/chunks/node_modules_next_dist_0u_w_5s._.js:1945
[  380186ms] [ERROR] ./src/app/admin/pengaturan/page.tsx:427:7
Expected '</', got 'ident'
  425 |         </>
  426 |       )}
> 427 |     </div>
      |       ^^^
  428 |   );
  429 | }
  430 |

Parsing ecmascript source code failed

Import traces:
  Client Component Browser:
    ./src/app/admin/pengaturan/page.tsx [Client Component Browser]
    ./src/app/admin/pengaturan/page.tsx [Server Component]

  Client Component SSR:
    ./src/app/admin/pengaturan/page.tsx [Client Component SSR]
    ./src/app/admin/pengaturan/page.tsx [Server Component] @ http://localhost:3000/_next/static/chunks/node_modules_next_dist_0u_w_5s._.js:1945
[  380267ms] [ERROR] ./src/app/admin/pengaturan/page.tsx:427:7
Expected '</', got 'ident'
  425 |         </>
  426 |       )}
> 427 |     </div>
      |       ^^^
  428 |   );
  429 | }
  430 |

Parsing ecmascript source code failed

Import traces:
  Client Component Browser:
    ./src/app/admin/pengaturan/page.tsx [Client Component Browser]
    ./src/app/admin/pengaturan/page.tsx [Server Component]

  Client Component SSR:
    ./src/app/admin/pengaturan/page.tsx [Client Component SSR]
    ./src/app/admin/pengaturan/page.tsx [Server Component] @ http://localhost:3000/_next/static/chunks/node_modules_next_dist_0u_w_5s._.js:1945
[  380342ms] [ERROR] ./src/app/admin/pengaturan/page.tsx:427:7
Expected '</', got 'ident'
  425 |         </>
  426 |       )}
> 427 |     </div>
      |       ^^^
  428 |   );
  429 | }
  430 |

Parsing ecmascript source code failed

Import traces:
  Client Component Browser:
    ./src/app/admin/pengaturan/page.tsx [Client Component Browser]
    ./src/app/admin/pengaturan/page.tsx [Server Component]

  Client Component SSR:
    ./src/app/admin/pengaturan/page.tsx [Client Component SSR]
    ./src/app/admin/pengaturan/page.tsx [Server Component] @ http://localhost:3000/_next/static/chunks/node_modules_next_dist_0u_w_5s._.js:1945
[  380418ms] [ERROR] ./src/app/admin/pengaturan/page.tsx:427:7
Expected '</', got 'ident'
  425 |         </>
  426 |       )}
> 427 |     </div>
      |       ^^^
  428 |   );
  429 | }
  430 |

Parsing ecmascript source code failed

Import traces:
  Client Component Browser:
    ./src/app/admin/pengaturan/page.tsx [Client Component Browser]
    ./src/app/admin/pengaturan/page.tsx [Server Component]

  Client Component SSR:
    ./src/app/admin/pengaturan/page.tsx [Client Component SSR]
    ./src/app/admin/pengaturan/page.tsx [Server Component] @ http://localhost:3000/_next/static/chunks/node_modules_next_dist_0u_w_5s._.js:1945
[  380493ms] [ERROR] ./src/app/admin/pengaturan/page.tsx:427:7
Expected '</', got 'ident'
  425 |         </>
  426 |       )}
> 427 |     </div>
      |       ^^^
  428 |   );
  429 | }
  430 |

Parsing ecmascript source code failed

Import traces:
  Client Component Browser:
    ./src/app/admin/pengaturan/page.tsx [Client Component Browser]
    ./src/app/admin/pengaturan/page.tsx [Server Component]

  Client Component SSR:
    ./src/app/admin/pengaturan/page.tsx [Client Component SSR]
    ./src/app/admin/pengaturan/page.tsx [Server Component] @ http://localhost:3000/_next/static/chunks/node_modules_next_dist_0u_w_5s._.js:1945
[  380586ms] [ERROR] ./src/app/admin/pengaturan/page.tsx:427:7
Expected '</', got 'ident'
  425 |         </>
  426 |       )}
> 427 |     </div>
      |       ^^^
  428 |   );
  429 | }
  430 |

Parsing ecmascript source code failed

Import traces:
  Client Component Browser:
    ./src/app/admin/pengaturan/page.tsx [Client Component Browser]
    ./src/app/admin/pengaturan/page.tsx [Server Component]

  Client Component SSR:
    ./src/app/admin/pengaturan/page.tsx [Client Component SSR]
    ./src/app/admin/pengaturan/page.tsx [Server Component] @ http://localhost:3000/_next/static/chunks/node_modules_next_dist_0u_w_5s._.js:1945
[  380664ms] [ERROR] ./src/app/admin/pengaturan/page.tsx:427:7
Expected '</', got 'ident'
  425 |         </>
  426 |       )}
> 427 |     </div>
      |       ^^^
  428 |   );
  429 | }
  430 |

Parsing ecmascript source code failed

Import traces:
  Client Component Browser:
    ./src/app/admin/pengaturan/page.tsx [Client Component Browser]
    ./src/app/admin/pengaturan/page.tsx [Server Component]

  Client Component SSR:
    ./src/app/admin/pengaturan/page.tsx [Client Component SSR]
    ./src/app/admin/pengaturan/page.tsx [Server Component] @ http://localhost:3000/_next/static/chunks/node_modules_next_dist_0u_w_5s._.js:1945
[  380743ms] [ERROR] ./src/app/admin/pengaturan/page.tsx:427:7
Expected '</', got 'ident'
  425 |         </>
  426 |       )}
> 427 |     </div>
      |       ^^^
  428 |   );
  429 | }
  430 |

Parsing ecmascript source code failed

Import traces:
  Client Component Browser:
    ./src/app/admin/pengaturan/page.tsx [Client Component Browser]
    ./src/app/admin/pengaturan/page.tsx [Server Component]

  Client Component SSR:
    ./src/app/admin/pengaturan/page.tsx [Client Component SSR]
    ./src/app/admin/pengaturan/page.tsx [Server Component] @ http://localhost:3000/_next/static/chunks/node_modules_next_dist_0u_w_5s._.js:1945
[  380820ms] [ERROR] ./src/app/admin/pengaturan/page.tsx:427:7
Expected '</', got 'ident'
  425 |         </>
  426 |       )}
> 427 |     </div>
      |       ^^^
  428 |   );
  429 | }
  430 |

Parsing ecmascript source code failed

Import traces:
  Client Component Browser:
    ./src/app/admin/pengaturan/page.tsx [Client Component Browser]
    ./src/app/admin/pengaturan/page.tsx [Server Component]

  Client Component SSR:
    ./src/app/admin/pengaturan/page.tsx [Client Component SSR]
    ./src/app/admin/pengaturan/page.tsx [Server Component] @ http://localhost:3000/_next/static/chunks/node_modules_next_dist_0u_w_5s._.js:1945
[  380897ms] [ERROR] ./src/app/admin/pengaturan/page.tsx:427:7
Expected '</', got 'ident'
  425 |         </>
  426 |       )}
> 427 |     </div>
      |       ^^^
  428 |   );
  429 | }
  430 |

Parsing ecmascript source code failed

Import traces:
  Client Component Browser:
    ./src/app/admin/pengaturan/page.tsx [Client Component Browser]
    ./src/app/admin/pengaturan/page.tsx [Server Component]

  Client Component SSR:
    ./src/app/admin/pengaturan/page.tsx [Client Component SSR]
    ./src/app/admin/pengaturan/page.tsx [Server Component] @ http://localhost:3000/_next/static/chunks/node_modules_next_dist_0u_w_5s._.js:1945
[  380973ms] [ERROR] ./src/app/admin/pengaturan/page.tsx:427:7
Expected '</', got 'ident'
  425 |         </>
  426 |       )}
> 427 |     </div>
      |       ^^^
  428 |   );
  429 | }
  430 |

Parsing ecmascript source code failed

Import traces:
  Client Component Browser:
    ./src/app/admin/pengaturan/page.tsx [Client Component Browser]
    ./src/app/admin/pengaturan/page.tsx [Server Component]

  Client Component SSR:
    ./src/app/admin/pengaturan/page.tsx [Client Component SSR]
    ./src/app/admin/pengaturan/page.tsx [Server Component] @ http://localhost:3000/_next/static/chunks/node_modules_next_dist_0u_w_5s._.js:1945
[  381049ms] [ERROR] ./src/app/admin/pengaturan/page.tsx:427:7
Expected '</', got 'ident'
  425 |         </>
  426 |       )}
> 427 |     </div>
      |       ^^^
  428 |   );
  429 | }
  430 |

Parsing ecmascript source code failed

Import traces:
  Client Component Browser:
    ./src/app/admin/pengaturan/page.tsx [Client Component Browser]
    ./src/app/admin/pengaturan/page.tsx [Server Component]

  Client Component SSR:
    ./src/app/admin/pengaturan/page.tsx [Client Component SSR]
    ./src/app/admin/pengaturan/page.tsx [Server Component] @ http://localhost:3000/_next/static/chunks/node_modules_next_dist_0u_w_5s._.js:1945
[  381127ms] [ERROR] ./src/app/admin/pengaturan/page.tsx:427:7
Expected '</', got 'ident'
  425 |         </>
  426 |       )}
> 427 |     </div>
      |       ^^^
  428 |   );
  429 | }
  430 |

Parsing ecmascript source code failed

Import traces:
  Client Component Browser:
    ./src/app/admin/pengaturan/page.tsx [Client Component Browser]
    ./src/app/admin/pengaturan/page.tsx [Server Component]

  Client Component SSR:
    ./src/app/admin/pengaturan/page.tsx [Client Component SSR]
    ./src/app/admin/pengaturan/page.tsx [Server Component] @ http://localhost:3000/_next/static/chunks/node_modules_next_dist_0u_w_5s._.js:1945
[  381210ms] [ERROR] ./src/app/admin/pengaturan/page.tsx:427:7
Expected '</', got 'ident'
  425 |         </>
  426 |       )}
> 427 |     </div>
      |       ^^^
  428 |   );
  429 | }
  430 |

Parsing ecmascript source code failed

Import traces:
  Client Component Browser:
    ./src/app/admin/pengaturan/page.tsx [Client Component Browser]
    ./src/app/admin/pengaturan/page.tsx [Server Component]

  Client Component SSR:
    ./src/app/admin/pengaturan/page.tsx [Client Component SSR]
    ./src/app/admin/pengaturan/page.tsx [Server Component] @ http://localhost:3000/_next/static/chunks/node_modules_next_dist_0u_w_5s._.js:1945
[  381300ms] [ERROR] ./src/app/admin/pengaturan/page.tsx:427:7
Expected '</', got 'ident'
  425 |         </>
  426 |       )}
> 427 |     </div>
      |       ^^^
  428 |   );
  429 | }
  430 |

Parsing ecmascript source code failed

Import traces:
  Client Component Browser:
    ./src/app/admin/pengaturan/page.tsx [Client Component Browser]
    ./src/app/admin/pengaturan/page.tsx [Server Component]

  Client Component SSR:
    ./src/app/admin/pengaturan/page.tsx [Client Component SSR]
    ./src/app/admin/pengaturan/page.tsx [Server Component] @ http://localhost:3000/_next/static/chunks/node_modules_next_dist_0u_w_5s._.js:1945
[  381392ms] [ERROR] ./src/app/admin/pengaturan/page.tsx:427:7
Expected '</', got 'ident'
  425 |         </>
  426 |       )}
> 427 |     </div>
      |       ^^^
  428 |   );
  429 | }
  430 |

Parsing ecmascript source code failed

Import traces:
  Client Component Browser:
    ./src/app/admin/pengaturan/page.tsx [Client Component Browser]
    ./src/app/admin/pengaturan/page.tsx [Server Component]

  Client Component SSR:
    ./src/app/admin/pengaturan/page.tsx [Client Component SSR]
    ./src/app/admin/pengaturan/page.tsx [Server Component] @ http://localhost:3000/_next/static/chunks/node_modules_next_dist_0u_w_5s._.js:1945
[  381472ms] [ERROR] ./src/app/admin/pengaturan/page.tsx:427:7
Expected '</', got 'ident'
  425 |         </>
  426 |       )}
> 427 |     </div>
      |       ^^^
  428 |   );
  429 | }
  430 |

Parsing ecmascript source code failed

Import traces:
  Client Component Browser:
    ./src/app/admin/pengaturan/page.tsx [Client Component Browser]
    ./src/app/admin/pengaturan/page.tsx [Server Component]

  Client Component SSR:
    ./src/app/admin/pengaturan/page.tsx [Client Component SSR]
    ./src/app/admin/pengaturan/page.tsx [Server Component] @ http://localhost:3000/_next/static/chunks/node_modules_next_dist_0u_w_5s._.js:1945
[  381550ms] [ERROR] ./src/app/admin/pengaturan/page.tsx:427:7
Expected '</', got 'ident'
  425 |         </>
  426 |       )}
> 427 |     </div>
      |       ^^^
  428 |   );
  429 | }
  430 |

Parsing ecmascript source code failed

Import traces:
  Client Component Browser:
    ./src/app/admin/pengaturan/page.tsx [Client Component Browser]
    ./src/app/admin/pengaturan/page.tsx [Server Component]

  Client Component SSR:
    ./src/app/admin/pengaturan/page.tsx [Client Component SSR]
    ./src/app/admin/pengaturan/page.tsx [Server Component] @ http://localhost:3000/_next/static/chunks/node_modules_next_dist_0u_w_5s._.js:1945
[  381629ms] [ERROR] ./src/app/admin/pengaturan/page.tsx:427:7
Expected '</', got 'ident'
  425 |         </>
  426 |       )}
> 427 |     </div>
      |       ^^^
  428 |   );
  429 | }
  430 |

Parsing ecmascript source code failed

Import traces:
  Client Component Browser:
    ./src/app/admin/pengaturan/page.tsx [Client Component Browser]
    ./src/app/admin/pengaturan/page.tsx [Server Component]

  Client Component SSR:
    ./src/app/admin/pengaturan/page.tsx [Client Component SSR]
    ./src/app/admin/pengaturan/page.tsx [Server Component] @ http://localhost:3000/_next/static/chunks/node_modules_next_dist_0u_w_5s._.js:1945
[  381706ms] [ERROR] ./src/app/admin/pengaturan/page.tsx:427:7
Expected '</', got 'ident'
  425 |         </>
  426 |       )}
> 427 |     </div>
      |       ^^^
  428 |   );
  429 | }
  430 |

Parsing ecmascript source code failed

Import traces:
  Client Component Browser:
    ./src/app/admin/pengaturan/page.tsx [Client Component Browser]
    ./src/app/admin/pengaturan/page.tsx [Server Component]

  Client Component SSR:
    ./src/app/admin/pengaturan/page.tsx [Client Component SSR]
    ./src/app/admin/pengaturan/page.tsx [Server Component] @ http://localhost:3000/_next/static/chunks/node_modules_next_dist_0u_w_5s._.js:1945
[  381798ms] [ERROR] ./src/app/admin/pengaturan/page.tsx:427:7
Expected '</', got 'ident'
  425 |         </>
  426 |       )}
> 427 |     </div>
      |       ^^^
  428 |   );
  429 | }
  430 |

Parsing ecmascript source code failed

Import traces:
  Client Component Browser:
    ./src/app/admin/pengaturan/page.tsx [Client Component Browser]
    ./src/app/admin/pengaturan/page.tsx [Server Component]

  Client Component SSR:
    ./src/app/admin/pengaturan/page.tsx [Client Component SSR]
    ./src/app/admin/pengaturan/page.tsx [Server Component] @ http://localhost:3000/_next/static/chunks/node_modules_next_dist_0u_w_5s._.js:1945
[  381877ms] [ERROR] ./src/app/admin/pengaturan/page.tsx:427:7
Expected '</', got 'ident'
  425 |         </>
  426 |       )}
> 427 |     </div>
      |       ^^^
  428 |   );
  429 | }
  430 |

Parsing ecmascript source code failed

Import traces:
  Client Component Browser:
    ./src/app/admin/pengaturan/page.tsx [Client Component Browser]
    ./src/app/admin/pengaturan/page.tsx [Server Component]

  Client Component SSR:
    ./src/app/admin/pengaturan/page.tsx [Client Component SSR]
    ./src/app/admin/pengaturan/page.tsx [Server Component] @ http://localhost:3000/_next/static/chunks/node_modules_next_dist_0u_w_5s._.js:1945
[  381956ms] [ERROR] ./src/app/admin/pengaturan/page.tsx:427:7
Expected '</', got 'ident'
  425 |         </>
  426 |       )}
> 427 |     </div>
      |       ^^^
  428 |   );
  429 | }
  430 |

Parsing ecmascript source code failed

Import traces:
  Client Component Browser:
    ./src/app/admin/pengaturan/page.tsx [Client Component Browser]
    ./src/app/admin/pengaturan/page.tsx [Server Component]

  Client Component SSR:
    ./src/app/admin/pengaturan/page.tsx [Client Component SSR]
    ./src/app/admin/pengaturan/page.tsx [Server Component] @ http://localhost:3000/_next/static/chunks/node_modules_next_dist_0u_w_5s._.js:1945
[  382034ms] [ERROR] ./src/app/admin/pengaturan/page.tsx:427:7
Expected '</', got 'ident'
  425 |         </>
  426 |       )}
> 427 |     </div>
      |       ^^^
  428 |   );
  429 | }
  430 |

Parsing ecmascript source code failed

Import traces:
  Client Component Browser:
    ./src/app/admin/pengaturan/page.tsx [Client Component Browser]
    ./src/app/admin/pengaturan/page.tsx [Server Component]

  Client Component SSR:
    ./src/app/admin/pengaturan/page.tsx [Client Component SSR]
    ./src/app/admin/pengaturan/page.tsx [Server Component] @ http://localhost:3000/_next/static/chunks/node_modules_next_dist_0u_w_5s._.js:1945
[  382110ms] [ERROR] ./src/app/admin/pengaturan/page.tsx:427:7
Expected '</', got 'ident'
  425 |         </>
  426 |       )}
> 427 |     </div>
      |       ^^^
  428 |   );
  429 | }
  430 |

Parsing ecmascript source code failed

Import traces:
  Client Component Browser:
    ./src/app/admin/pengaturan/page.tsx [Client Component Browser]
    ./src/app/admin/pengaturan/page.tsx [Server Component]

  Client Component SSR:
    ./src/app/admin/pengaturan/page.tsx [Client Component SSR]
    ./src/app/admin/pengaturan/page.tsx [Server Component] @ http://localhost:3000/_next/static/chunks/node_modules_next_dist_0u_w_5s._.js:1945
[  382188ms] [ERROR] ./src/app/admin/pengaturan/page.tsx:427:7
Expected '</', got 'ident'
  425 |         </>
  426 |       )}
> 427 |     </div>
      |       ^^^
  428 |   );
  429 | }
  430 |

Parsing ecmascript source code failed

Import traces:
  Client Component Browser:
    ./src/app/admin/pengaturan/page.tsx [Client Component Browser]
    ./src/app/admin/pengaturan/page.tsx [Server Component]

  Client Component SSR:
    ./src/app/admin/pengaturan/page.tsx [Client Component SSR]
    ./src/app/admin/pengaturan/page.tsx [Server Component] @ http://localhost:3000/_next/static/chunks/node_modules_next_dist_0u_w_5s._.js:1945
[  382266ms] [ERROR] ./src/app/admin/pengaturan/page.tsx:427:7
Expected '</', got 'ident'
  425 |         </>
  426 |       )}
> 427 |     </div>
      |       ^^^
  428 |   );
  429 | }
  430 |

Parsing ecmascript source code failed

Import traces:
  Client Component Browser:
    ./src/app/admin/pengaturan/page.tsx [Client Component Browser]
    ./src/app/admin/pengaturan/page.tsx [Server Component]

  Client Component SSR:
    ./src/app/admin/pengaturan/page.tsx [Client Component SSR]
    ./src/app/admin/pengaturan/page.tsx [Server Component] @ http://localhost:3000/_next/static/chunks/node_modules_next_dist_0u_w_5s._.js:1945
[  382342ms] [ERROR] ./src/app/admin/pengaturan/page.tsx:427:7
Expected '</', got 'ident'
  425 |         </>
  426 |       )}
> 427 |     </div>
      |       ^^^
  428 |   );
  429 | }
  430 |

Parsing ecmascript source code failed

Import traces:
  Client Component Browser:
    ./src/app/admin/pengaturan/page.tsx [Client Component Browser]
    ./src/app/admin/pengaturan/page.tsx [Server Component]

  Client Component SSR:
    ./src/app/admin/pengaturan/page.tsx [Client Component SSR]
    ./src/app/admin/pengaturan/page.tsx [Server Component] @ http://localhost:3000/_next/static/chunks/node_modules_next_dist_0u_w_5s._.js:1945
[  382421ms] [ERROR] ./src/app/admin/pengaturan/page.tsx:427:7
Expected '</', got 'ident'
  425 |         </>
  426 |       )}
> 427 |     </div>
      |       ^^^
  428 |   );
  429 | }
  430 |

Parsing ecmascript source code failed

Import traces:
  Client Component Browser:
    ./src/app/admin/pengaturan/page.tsx [Client Component Browser]
    ./src/app/admin/pengaturan/page.tsx [Server Component]

  Client Component SSR:
    ./src/app/admin/pengaturan/page.tsx [Client Component SSR]
    ./src/app/admin/pengaturan/page.tsx [Server Component] @ http://localhost:3000/_next/static/chunks/node_modules_next_dist_0u_w_5s._.js:1945
[  382499ms] [ERROR] ./src/app/admin/pengaturan/page.tsx:427:7
Expected '</', got 'ident'
  425 |         </>
  426 |       )}
> 427 |     </div>
      |       ^^^
  428 |   );
  429 | }
  430 |

Parsing ecmascript source code failed

Import traces:
  Client Component Browser:
    ./src/app/admin/pengaturan/page.tsx [Client Component Browser]
    ./src/app/admin/pengaturan/page.tsx [Server Component]

  Client Component SSR:
    ./src/app/admin/pengaturan/page.tsx [Client Component SSR]
    ./src/app/admin/pengaturan/page.tsx [Server Component] @ http://localhost:3000/_next/static/chunks/node_modules_next_dist_0u_w_5s._.js:1945
[  382578ms] [ERROR] ./src/app/admin/pengaturan/page.tsx:427:7
Expected '</', got 'ident'
  425 |         </>
  426 |       )}
> 427 |     </div>
      |       ^^^
  428 |   );
  429 | }
  430 |

Parsing ecmascript source code failed

Import traces:
  Client Component Browser:
    ./src/app/admin/pengaturan/page.tsx [Client Component Browser]
    ./src/app/admin/pengaturan/page.tsx [Server Component]

  Client Component SSR:
    ./src/app/admin/pengaturan/page.tsx [Client Component SSR]
    ./src/app/admin/pengaturan/page.tsx [Server Component] @ http://localhost:3000/_next/static/chunks/node_modules_next_dist_0u_w_5s._.js:1945
[  382654ms] [ERROR] ./src/app/admin/pengaturan/page.tsx:427:7
Expected '</', got 'ident'
  425 |         </>
  426 |       )}
> 427 |     </div>
      |       ^^^
  428 |   );
  429 | }
  430 |

Parsing ecmascript source code failed

Import traces:
  Client Component Browser:
    ./src/app/admin/pengaturan/page.tsx [Client Component Browser]
    ./src/app/admin/pengaturan/page.tsx [Server Component]

  Client Component SSR:
    ./src/app/admin/pengaturan/page.tsx [Client Component SSR]
    ./src/app/admin/pengaturan/page.tsx [Server Component] @ http://localhost:3000/_next/static/chunks/node_modules_next_dist_0u_w_5s._.js:1945
[  382733ms] [ERROR] ./src/app/admin/pengaturan/page.tsx:427:7
Expected '</', got 'ident'
  425 |         </>
  426 |       )}
> 427 |     </div>
      |       ^^^
  428 |   );
  429 | }
  430 |

Parsing ecmascript source code failed

Import traces:
  Client Component Browser:
    ./src/app/admin/pengaturan/page.tsx [Client Component Browser]
    ./src/app/admin/pengaturan/page.tsx [Server Component]

  Client Component SSR:
    ./src/app/admin/pengaturan/page.tsx [Client Component SSR]
    ./src/app/admin/pengaturan/page.tsx [Server Component] @ http://localhost:3000/_next/static/chunks/node_modules_next_dist_0u_w_5s._.js:1945
[  382810ms] [ERROR] ./src/app/admin/pengaturan/page.tsx:427:7
Expected '</', got 'ident'
  425 |         </>
  426 |       )}
> 427 |     </div>
      |       ^^^
  428 |   );
  429 | }
  430 |

Parsing ecmascript source code failed

Import traces:
  Client Component Browser:
    ./src/app/admin/pengaturan/page.tsx [Client Component Browser]
    ./src/app/admin/pengaturan/page.tsx [Server Component]

  Client Component SSR:
    ./src/app/admin/pengaturan/page.tsx [Client Component SSR]
    ./src/app/admin/pengaturan/page.tsx [Server Component] @ http://localhost:3000/_next/static/chunks/node_modules_next_dist_0u_w_5s._.js:1945
[  382888ms] [ERROR] ./src/app/admin/pengaturan/page.tsx:427:7
Expected '</', got 'ident'
  425 |         </>
  426 |       )}
> 427 |     </div>
      |       ^^^
  428 |   );
  429 | }
  430 |

Parsing ecmascript source code failed

Import traces:
  Client Component Browser:
    ./src/app/admin/pengaturan/page.tsx [Client Component Browser]
    ./src/app/admin/pengaturan/page.tsx [Server Component]

  Client Component SSR:
    ./src/app/admin/pengaturan/page.tsx [Client Component SSR]
    ./src/app/admin/pengaturan/page.tsx [Server Component] @ http://localhost:3000/_next/static/chunks/node_modules_next_dist_0u_w_5s._.js:1945
[  382964ms] [ERROR] ./src/app/admin/pengaturan/page.tsx:427:7
Expected '</', got 'ident'
  425 |         </>
  426 |       )}
> 427 |     </div>
      |       ^^^
  428 |   );
  429 | }
  430 |

Parsing ecmascript source code failed

Import traces:
  Client Component Browser:
    ./src/app/admin/pengaturan/page.tsx [Client Component Browser]
    ./src/app/admin/pengaturan/page.tsx [Server Component]

  Client Component SSR:
    ./src/app/admin/pengaturan/page.tsx [Client Component SSR]
    ./src/app/admin/pengaturan/page.tsx [Server Component] @ http://localhost:3000/_next/static/chunks/node_modules_next_dist_0u_w_5s._.js:1945
[  383042ms] [ERROR] ./src/app/admin/pengaturan/page.tsx:427:7
Expected '</', got 'ident'
  425 |         </>
  426 |       )}
> 427 |     </div>
      |       ^^^
  428 |   );
  429 | }
  430 |

Parsing ecmascript source code failed

Import traces:
  Client Component Browser:
    ./src/app/admin/pengaturan/page.tsx [Client Component Browser]
    ./src/app/admin/pengaturan/page.tsx [Server Component]

  Client Component SSR:
    ./src/app/admin/pengaturan/page.tsx [Client Component SSR]
    ./src/app/admin/pengaturan/page.tsx [Server Component] @ http://localhost:3000/_next/static/chunks/node_modules_next_dist_0u_w_5s._.js:1945
[  383119ms] [ERROR] ./src/app/admin/pengaturan/page.tsx:427:7
Expected '</', got 'ident'
  425 |         </>
  426 |       )}
> 427 |     </div>
      |       ^^^
  428 |   );
  429 | }
  430 |

Parsing ecmascript source code failed

Import traces:
  Client Component Browser:
    ./src/app/admin/pengaturan/page.tsx [Client Component Browser]
    ./src/app/admin/pengaturan/page.tsx [Server Component]

  Client Component SSR:
    ./src/app/admin/pengaturan/page.tsx [Client Component SSR]
    ./src/app/admin/pengaturan/page.tsx [Server Component] @ http://localhost:3000/_next/static/chunks/node_modules_next_dist_0u_w_5s._.js:1945
[  383196ms] [ERROR] ./src/app/admin/pengaturan/page.tsx:427:7
Expected '</', got 'ident'
  425 |         </>
  426 |       )}
> 427 |     </div>
      |       ^^^
  428 |   );
  429 | }
  430 |

Parsing ecmascript source code failed

Import traces:
  Client Component Browser:
    ./src/app/admin/pengaturan/page.tsx [Client Component Browser]
    ./src/app/admin/pengaturan/page.tsx [Server Component]

  Client Component SSR:
    ./src/app/admin/pengaturan/page.tsx [Client Component SSR]
    ./src/app/admin/pengaturan/page.tsx [Server Component] @ http://localhost:3000/_next/static/chunks/node_modules_next_dist_0u_w_5s._.js:1945
[  383272ms] [ERROR] ./src/app/admin/pengaturan/page.tsx:427:7
Expected '</', got 'ident'
  425 |         </>
  426 |       )}
> 427 |     </div>
      |       ^^^
  428 |   );
  429 | }
  430 |

Parsing ecmascript source code failed

Import traces:
  Client Component Browser:
    ./src/app/admin/pengaturan/page.tsx [Client Component Browser]
    ./src/app/admin/pengaturan/page.tsx [Server Component]

  Client Component SSR:
    ./src/app/admin/pengaturan/page.tsx [Client Component SSR]
    ./src/app/admin/pengaturan/page.tsx [Server Component] @ http://localhost:3000/_next/static/chunks/node_modules_next_dist_0u_w_5s._.js:1945
[  383350ms] [ERROR] ./src/app/admin/pengaturan/page.tsx:427:7
Expected '</', got 'ident'
  425 |         </>
  426 |       )}
> 427 |     </div>
      |       ^^^
  428 |   );
  429 | }
  430 |

Parsing ecmascript source code failed

Import traces:
  Client Component Browser:
    ./src/app/admin/pengaturan/page.tsx [Client Component Browser]
    ./src/app/admin/pengaturan/page.tsx [Server Component]

  Client Component SSR:
    ./src/app/admin/pengaturan/page.tsx [Client Component SSR]
    ./src/app/admin/pengaturan/page.tsx [Server Component] @ http://localhost:3000/_next/static/chunks/node_modules_next_dist_0u_w_5s._.js:1945
[  383427ms] [ERROR] ./src/app/admin/pengaturan/page.tsx:427:7
Expected '</', got 'ident'
  425 |         </>
  426 |       )}
> 427 |     </div>
      |       ^^^
  428 |   );
  429 | }
  430 |

Parsing ecmascript source code failed

Import traces:
  Client Component Browser:
    ./src/app/admin/pengaturan/page.tsx [Client Component Browser]
    ./src/app/admin/pengaturan/page.tsx [Server Component]

  Client Component SSR:
    ./src/app/admin/pengaturan/page.tsx [Client Component SSR]
    ./src/app/admin/pengaturan/page.tsx [Server Component] @ http://localhost:3000/_next/static/chunks/node_modules_next_dist_0u_w_5s._.js:1945
[  383505ms] [ERROR] ./src/app/admin/pengaturan/page.tsx:427:7
Expected '</', got 'ident'
  425 |         </>
  426 |       )}
> 427 |     </div>
      |       ^^^
  428 |   );
  429 | }
  430 |

Parsing ecmascript source code failed

Import traces:
  Client Component Browser:
    ./src/app/admin/pengaturan/page.tsx [Client Component Browser]
    ./src/app/admin/pengaturan/page.tsx [Server Component]

  Client Component SSR:
    ./src/app/admin/pengaturan/page.tsx [Client Component SSR]
    ./src/app/admin/pengaturan/page.tsx [Server Component] @ http://localhost:3000/_next/static/chunks/node_modules_next_dist_0u_w_5s._.js:1945
[  383583ms] [ERROR] ./src/app/admin/pengaturan/page.tsx:427:7
Expected '</', got 'ident'
  425 |         </>
  426 |       )}
> 427 |     </div>
      |       ^^^
  428 |   );
  429 | }
  430 |

Parsing ecmascript source code failed

Import traces:
  Client Component Browser:
    ./src/app/admin/pengaturan/page.tsx [Client Component Browser]
    ./src/app/admin/pengaturan/page.tsx [Server Component]

  Client Component SSR:
    ./src/app/admin/pengaturan/page.tsx [Client Component SSR]
    ./src/app/admin/pengaturan/page.tsx [Server Component] @ http://localhost:3000/_next/static/chunks/node_modules_next_dist_0u_w_5s._.js:1945
[  383661ms] [ERROR] ./src/app/admin/pengaturan/page.tsx:427:7
Expected '</', got 'ident'
  425 |         </>
  426 |       )}
> 427 |     </div>
      |       ^^^
  428 |   );
  429 | }
  430 |

Parsing ecmascript source code failed

Import traces:
  Client Component Browser:
    ./src/app/admin/pengaturan/page.tsx [Client Component Browser]
    ./src/app/admin/pengaturan/page.tsx [Server Component]

  Client Component SSR:
    ./src/app/admin/pengaturan/page.tsx [Client Component SSR]
    ./src/app/admin/pengaturan/page.tsx [Server Component] @ http://localhost:3000/_next/static/chunks/node_modules_next_dist_0u_w_5s._.js:1945
[  383738ms] [ERROR] ./src/app/admin/pengaturan/page.tsx:427:7
Expected '</', got 'ident'
  425 |         </>
  426 |       )}
> 427 |     </div>
      |       ^^^
  428 |   );
  429 | }
  430 |

Parsing ecmascript source code failed

Import traces:
  Client Component Browser:
    ./src/app/admin/pengaturan/page.tsx [Client Component Browser]
    ./src/app/admin/pengaturan/page.tsx [Server Component]

  Client Component SSR:
    ./src/app/admin/pengaturan/page.tsx [Client Component SSR]
    ./src/app/admin/pengaturan/page.tsx [Server Component] @ http://localhost:3000/_next/static/chunks/node_modules_next_dist_0u_w_5s._.js:1945
[  383818ms] [ERROR] ./src/app/admin/pengaturan/page.tsx:427:7
Expected '</', got 'ident'
  425 |         </>
  426 |       )}
> 427 |     </div>
      |       ^^^
  428 |   );
  429 | }
  430 |

Parsing ecmascript source code failed

Import traces:
  Client Component Browser:
    ./src/app/admin/pengaturan/page.tsx [Client Component Browser]
    ./src/app/admin/pengaturan/page.tsx [Server Component]

  Client Component SSR:
    ./src/app/admin/pengaturan/page.tsx [Client Component SSR]
    ./src/app/admin/pengaturan/page.tsx [Server Component] @ http://localhost:3000/_next/static/chunks/node_modules_next_dist_0u_w_5s._.js:1945
[  383895ms] [ERROR] ./src/app/admin/pengaturan/page.tsx:427:7
Expected '</', got 'ident'
  425 |         </>
  426 |       )}
> 427 |     </div>
      |       ^^^
  428 |   );
  429 | }
  430 |

Parsing ecmascript source code failed

Import traces:
  Client Component Browser:
    ./src/app/admin/pengaturan/page.tsx [Client Component Browser]
    ./src/app/admin/pengaturan/page.tsx [Server Component]

  Client Component SSR:
    ./src/app/admin/pengaturan/page.tsx [Client Component SSR]
    ./src/app/admin/pengaturan/page.tsx [Server Component] @ http://localhost:3000/_next/static/chunks/node_modules_next_dist_0u_w_5s._.js:1945
[  383973ms] [ERROR] ./src/app/admin/pengaturan/page.tsx:427:7
Expected '</', got 'ident'
  425 |         </>
  426 |       )}
> 427 |     </div>
      |       ^^^
  428 |   );
  429 | }
  430 |

Parsing ecmascript source code failed

Import traces:
  Client Component Browser:
    ./src/app/admin/pengaturan/page.tsx [Client Component Browser]
    ./src/app/admin/pengaturan/page.tsx [Server Component]

  Client Component SSR:
    ./src/app/admin/pengaturan/page.tsx [Client Component SSR]
    ./src/app/admin/pengaturan/page.tsx [Server Component] @ http://localhost:3000/_next/static/chunks/node_modules_next_dist_0u_w_5s._.js:1945
[  384051ms] [ERROR] ./src/app/admin/pengaturan/page.tsx:427:7
Expected '</', got 'ident'
  425 |         </>
  426 |       )}
> 427 |     </div>
      |       ^^^
  428 |   );
  429 | }
  430 |

Parsing ecmascript source code failed

Import traces:
  Client Component Browser:
    ./src/app/admin/pengaturan/page.tsx [Client Component Browser]
    ./src/app/admin/pengaturan/page.tsx [Server Component]

  Client Component SSR:
    ./src/app/admin/pengaturan/page.tsx [Client Component SSR]
    ./src/app/admin/pengaturan/page.tsx [Server Component] @ http://localhost:3000/_next/static/chunks/node_modules_next_dist_0u_w_5s._.js:1945
[  384127ms] [ERROR] ./src/app/admin/pengaturan/page.tsx:427:7
Expected '</', got 'ident'
  425 |         </>
  426 |       )}
> 427 |     </div>
      |       ^^^
  428 |   );
  429 | }
  430 |

Parsing ecmascript source code failed

Import traces:
  Client Component Browser:
    ./src/app/admin/pengaturan/page.tsx [Client Component Browser]
    ./src/app/admin/pengaturan/page.tsx [Server Component]

  Client Component SSR:
    ./src/app/admin/pengaturan/page.tsx [Client Component SSR]
    ./src/app/admin/pengaturan/page.tsx [Server Component] @ http://localhost:3000/_next/static/chunks/node_modules_next_dist_0u_w_5s._.js:1945
[  384207ms] [ERROR] ./src/app/admin/pengaturan/page.tsx:427:7
Expected '</', got 'ident'
  425 |         </>
  426 |       )}
> 427 |     </div>
      |       ^^^
  428 |   );
  429 | }
  430 |

Parsing ecmascript source code failed

Import traces:
  Client Component Browser:
    ./src/app/admin/pengaturan/page.tsx [Client Component Browser]
    ./src/app/admin/pengaturan/page.tsx [Server Component]

  Client Component SSR:
    ./src/app/admin/pengaturan/page.tsx [Client Component SSR]
    ./src/app/admin/pengaturan/page.tsx [Server Component] @ http://localhost:3000/_next/static/chunks/node_modules_next_dist_0u_w_5s._.js:1945
[  384285ms] [ERROR] ./src/app/admin/pengaturan/page.tsx:427:7
Expected '</', got 'ident'
  425 |         </>
  426 |       )}
> 427 |     </div>
      |       ^^^
  428 |   );
  429 | }
  430 |

Parsing ecmascript source code failed

Import traces:
  Client Component Browser:
    ./src/app/admin/pengaturan/page.tsx [Client Component Browser]
    ./src/app/admin/pengaturan/page.tsx [Server Component]

  Client Component SSR:
    ./src/app/admin/pengaturan/page.tsx [Client Component SSR]
    ./src/app/admin/pengaturan/page.tsx [Server Component] @ http://localhost:3000/_next/static/chunks/node_modules_next_dist_0u_w_5s._.js:1945
[  384361ms] [ERROR] ./src/app/admin/pengaturan/page.tsx:427:7
Expected '</', got 'ident'
  425 |         </>
  426 |       )}
> 427 |     </div>
      |       ^^^
  428 |   );
  429 | }
  430 |

Parsing ecmascript source code failed

Import traces:
  Client Component Browser:
    ./src/app/admin/pengaturan/page.tsx [Client Component Browser]
    ./src/app/admin/pengaturan/page.tsx [Server Component]

  Client Component SSR:
    ./src/app/admin/pengaturan/page.tsx [Client Component SSR]
    ./src/app/admin/pengaturan/page.tsx [Server Component] @ http://localhost:3000/_next/static/chunks/node_modules_next_dist_0u_w_5s._.js:1945
[  384437ms] [ERROR] ./src/app/admin/pengaturan/page.tsx:427:7
Expected '</', got 'ident'
  425 |         </>
  426 |       )}
> 427 |     </div>
      |       ^^^
  428 |   );
  429 | }
  430 |

Parsing ecmascript source code failed

Import traces:
  Client Component Browser:
    ./src/app/admin/pengaturan/page.tsx [Client Component Browser]
    ./src/app/admin/pengaturan/page.tsx [Server Component]

  Client Component SSR:
    ./src/app/admin/pengaturan/page.tsx [Client Component SSR]
    ./src/app/admin/pengaturan/page.tsx [Server Component] @ http://localhost:3000/_next/static/chunks/node_modules_next_dist_0u_w_5s._.js:1945
[  384516ms] [ERROR] ./src/app/admin/pengaturan/page.tsx:427:7
Expected '</', got 'ident'
  425 |         </>
  426 |       )}
> 427 |     </div>
      |       ^^^
  428 |   );
  429 | }
  430 |

Parsing ecmascript source code failed

Import traces:
  Client Component Browser:
    ./src/app/admin/pengaturan/page.tsx [Client Component Browser]
    ./src/app/admin/pengaturan/page.tsx [Server Component]

  Client Component SSR:
    ./src/app/admin/pengaturan/page.tsx [Client Component SSR]
    ./src/app/admin/pengaturan/page.tsx [Server Component] @ http://localhost:3000/_next/static/chunks/node_modules_next_dist_0u_w_5s._.js:1945
[  384594ms] [ERROR] ./src/app/admin/pengaturan/page.tsx:427:7
Expected '</', got 'ident'
  425 |         </>
  426 |       )}
> 427 |     </div>
      |       ^^^
  428 |   );
  429 | }
  430 |

Parsing ecmascript source code failed

Import traces:
  Client Component Browser:
    ./src/app/admin/pengaturan/page.tsx [Client Component Browser]
    ./src/app/admin/pengaturan/page.tsx [Server Component]

  Client Component SSR:
    ./src/app/admin/pengaturan/page.tsx [Client Component SSR]
    ./src/app/admin/pengaturan/page.tsx [Server Component] @ http://localhost:3000/_next/static/chunks/node_modules_next_dist_0u_w_5s._.js:1945
[  384672ms] [ERROR] ./src/app/admin/pengaturan/page.tsx:427:7
Expected '</', got 'ident'
  425 |         </>
  426 |       )}
> 427 |     </div>
      |       ^^^
  428 |   );
  429 | }
  430 |

Parsing ecmascript source code failed

Import traces:
  Client Component Browser:
    ./src/app/admin/pengaturan/page.tsx [Client Component Browser]
    ./src/app/admin/pengaturan/page.tsx [Server Component]

  Client Component SSR:
    ./src/app/admin/pengaturan/page.tsx [Client Component SSR]
    ./src/app/admin/pengaturan/page.tsx [Server Component] @ http://localhost:3000/_next/static/chunks/node_modules_next_dist_0u_w_5s._.js:1945
[  384749ms] [ERROR] ./src/app/admin/pengaturan/page.tsx:427:7
Expected '</', got 'ident'
  425 |         </>
  426 |       )}
> 427 |     </div>
      |       ^^^
  428 |   );
  429 | }
  430 |

Parsing ecmascript source code failed

Import traces:
  Client Component Browser:
    ./src/app/admin/pengaturan/page.tsx [Client Component Browser]
    ./src/app/admin/pengaturan/page.tsx [Server Component]

  Client Component SSR:
    ./src/app/admin/pengaturan/page.tsx [Client Component SSR]
    ./src/app/admin/pengaturan/page.tsx [Server Component] @ http://localhost:3000/_next/static/chunks/node_modules_next_dist_0u_w_5s._.js:1945
[  384826ms] [ERROR] ./src/app/admin/pengaturan/page.tsx:427:7
Expected '</', got 'ident'
  425 |         </>
  426 |       )}
> 427 |     </div>
      |       ^^^
  428 |   );
  429 | }
  430 |

Parsing ecmascript source code failed

Import traces:
  Client Component Browser:
    ./src/app/admin/pengaturan/page.tsx [Client Component Browser]
    ./src/app/admin/pengaturan/page.tsx [Server Component]

  Client Component SSR:
    ./src/app/admin/pengaturan/page.tsx [Client Component SSR]
    ./src/app/admin/pengaturan/page.tsx [Server Component] @ http://localhost:3000/_next/static/chunks/node_modules_next_dist_0u_w_5s._.js:1945
[  384905ms] [ERROR] ./src/app/admin/pengaturan/page.tsx:427:7
Expected '</', got 'ident'
  425 |         </>
  426 |       )}
> 427 |     </div>
      |       ^^^
  428 |   );
  429 | }
  430 |

Parsing ecmascript source code failed

Import traces:
  Client Component Browser:
    ./src/app/admin/pengaturan/page.tsx [Client Component Browser]
    ./src/app/admin/pengaturan/page.tsx [Server Component]

  Client Component SSR:
    ./src/app/admin/pengaturan/page.tsx [Client Component SSR]
    ./src/app/admin/pengaturan/page.tsx [Server Component] @ http://localhost:3000/_next/static/chunks/node_modules_next_dist_0u_w_5s._.js:1945
[  384983ms] [ERROR] ./src/app/admin/pengaturan/page.tsx:427:7
Expected '</', got 'ident'
  425 |         </>
  426 |       )}
> 427 |     </div>
      |       ^^^
  428 |   );
  429 | }
  430 |

Parsing ecmascript source code failed

Import traces:
  Client Component Browser:
    ./src/app/admin/pengaturan/page.tsx [Client Component Browser]
    ./src/app/admin/pengaturan/page.tsx [Server Component]

  Client Component SSR:
    ./src/app/admin/pengaturan/page.tsx [Client Component SSR]
    ./src/app/admin/pengaturan/page.tsx [Server Component] @ http://localhost:3000/_next/static/chunks/node_modules_next_dist_0u_w_5s._.js:1945
[  385059ms] [ERROR] ./src/app/admin/pengaturan/page.tsx:427:7
Expected '</', got 'ident'
  425 |         </>
  426 |       )}
> 427 |     </div>
      |       ^^^
  428 |   );
  429 | }
  430 |

Parsing ecmascript source code failed

Import traces:
  Client Component Browser:
    ./src/app/admin/pengaturan/page.tsx [Client Component Browser]
    ./src/app/admin/pengaturan/page.tsx [Server Component]

  Client Component SSR:
    ./src/app/admin/pengaturan/page.tsx [Client Component SSR]
    ./src/app/admin/pengaturan/page.tsx [Server Component] @ http://localhost:3000/_next/static/chunks/node_modules_next_dist_0u_w_5s._.js:1945
[  385134ms] [ERROR] ./src/app/admin/pengaturan/page.tsx:427:7
Expected '</', got 'ident'
  425 |         </>
  426 |       )}
> 427 |     </div>
      |       ^^^
  428 |   );
  429 | }
  430 |

Parsing ecmascript source code failed

Import traces:
  Client Component Browser:
    ./src/app/admin/pengaturan/page.tsx [Client Component Browser]
    ./src/app/admin/pengaturan/page.tsx [Server Component]

  Client Component SSR:
    ./src/app/admin/pengaturan/page.tsx [Client Component SSR]
    ./src/app/admin/pengaturan/page.tsx [Server Component] @ http://localhost:3000/_next/static/chunks/node_modules_next_dist_0u_w_5s._.js:1945
[  385208ms] [ERROR] ./src/app/admin/pengaturan/page.tsx:427:7
Expected '</', got 'ident'
  425 |         </>
  426 |       )}
> 427 |     </div>
      |       ^^^
  428 |   );
  429 | }
  430 |

Parsing ecmascript source code failed

Import traces:
  Client Component Browser:
    ./src/app/admin/pengaturan/page.tsx [Client Component Browser]
    ./src/app/admin/pengaturan/page.tsx [Server Component]

  Client Component SSR:
    ./src/app/admin/pengaturan/page.tsx [Client Component SSR]
    ./src/app/admin/pengaturan/page.tsx [Server Component] @ http://localhost:3000/_next/static/chunks/node_modules_next_dist_0u_w_5s._.js:1945
[  385284ms] [ERROR] ./src/app/admin/pengaturan/page.tsx:427:7
Expected '</', got 'ident'
  425 |         </>
  426 |       )}
> 427 |     </div>
      |       ^^^
  428 |   );
  429 | }
  430 |

Parsing ecmascript source code failed

Import traces:
  Client Component Browser:
    ./src/app/admin/pengaturan/page.tsx [Client Component Browser]
    ./src/app/admin/pengaturan/page.tsx [Server Component]

  Client Component SSR:
    ./src/app/admin/pengaturan/page.tsx [Client Component SSR]
    ./src/app/admin/pengaturan/page.tsx [Server Component] @ http://localhost:3000/_next/static/chunks/node_modules_next_dist_0u_w_5s._.js:1945
[  385358ms] [ERROR] ./src/app/admin/pengaturan/page.tsx:427:7
Expected '</', got 'ident'
  425 |         </>
  426 |       )}
> 427 |     </div>
      |       ^^^
  428 |   );
  429 | }
  430 |

Parsing ecmascript source code failed

Import traces:
  Client Component Browser:
    ./src/app/admin/pengaturan/page.tsx [Client Component Browser]
    ./src/app/admin/pengaturan/page.tsx [Server Component]

  Client Component SSR:
    ./src/app/admin/pengaturan/page.tsx [Client Component SSR]
    ./src/app/admin/pengaturan/page.tsx [Server Component] @ http://localhost:3000/_next/static/chunks/node_modules_next_dist_0u_w_5s._.js:1945
[  385434ms] [ERROR] ./src/app/admin/pengaturan/page.tsx:427:7
Expected '</', got 'ident'
  425 |         </>
  426 |       )}
> 427 |     </div>
      |       ^^^
  428 |   );
  429 | }
  430 |

Parsing ecmascript source code failed

Import traces:
  Client Component Browser:
    ./src/app/admin/pengaturan/page.tsx [Client Component Browser]
    ./src/app/admin/pengaturan/page.tsx [Server Component]

  Client Component SSR:
    ./src/app/admin/pengaturan/page.tsx [Client Component SSR]
    ./src/app/admin/pengaturan/page.tsx [Server Component] @ http://localhost:3000/_next/static/chunks/node_modules_next_dist_0u_w_5s._.js:1945
[  385513ms] [ERROR] ./src/app/admin/pengaturan/page.tsx:427:7
Expected '</', got 'ident'
  425 |         </>
  426 |       )}
> 427 |     </div>
      |       ^^^
  428 |   );
  429 | }
  430 |

Parsing ecmascript source code failed

Import traces:
  Client Component Browser:
    ./src/app/admin/pengaturan/page.tsx [Client Component Browser]
    ./src/app/admin/pengaturan/page.tsx [Server Component]

  Client Component SSR:
    ./src/app/admin/pengaturan/page.tsx [Client Component SSR]
    ./src/app/admin/pengaturan/page.tsx [Server Component] @ http://localhost:3000/_next/static/chunks/node_modules_next_dist_0u_w_5s._.js:1945
[  385590ms] [ERROR] ./src/app/admin/pengaturan/page.tsx:427:7
Expected '</', got 'ident'
  425 |         </>
  426 |       )}
> 427 |     </div>
      |       ^^^
  428 |   );
  429 | }
  430 |

Parsing ecmascript source code failed

Import traces:
  Client Component Browser:
    ./src/app/admin/pengaturan/page.tsx [Client Component Browser]
    ./src/app/admin/pengaturan/page.tsx [Server Component]

  Client Component SSR:
    ./src/app/admin/pengaturan/page.tsx [Client Component SSR]
    ./src/app/admin/pengaturan/page.tsx [Server Component] @ http://localhost:3000/_next/static/chunks/node_modules_next_dist_0u_w_5s._.js:1945
[  385669ms] [ERROR] ./src/app/admin/pengaturan/page.tsx:427:7
Expected '</', got 'ident'
  425 |         </>
  426 |       )}
> 427 |     </div>
      |       ^^^
  428 |   );
  429 | }
  430 |

Parsing ecmascript source code failed

Import traces:
  Client Component Browser:
    ./src/app/admin/pengaturan/page.tsx [Client Component Browser]
    ./src/app/admin/pengaturan/page.tsx [Server Component]

  Client Component SSR:
    ./src/app/admin/pengaturan/page.tsx [Client Component SSR]
    ./src/app/admin/pengaturan/page.tsx [Server Component] @ http://localhost:3000/_next/static/chunks/node_modules_next_dist_0u_w_5s._.js:1945
[  385745ms] [ERROR] ./src/app/admin/pengaturan/page.tsx:427:7
Expected '</', got 'ident'
  425 |         </>
  426 |       )}
> 427 |     </div>
      |       ^^^
  428 |   );
  429 | }
  430 |

Parsing ecmascript source code failed

Import traces:
  Client Component Browser:
    ./src/app/admin/pengaturan/page.tsx [Client Component Browser]
    ./src/app/admin/pengaturan/page.tsx [Server Component]

  Client Component SSR:
    ./src/app/admin/pengaturan/page.tsx [Client Component SSR]
    ./src/app/admin/pengaturan/page.tsx [Server Component] @ http://localhost:3000/_next/static/chunks/node_modules_next_dist_0u_w_5s._.js:1945
[  385825ms] [ERROR] ./src/app/admin/pengaturan/page.tsx:427:7
Expected '</', got 'ident'
  425 |         </>
  426 |       )}
> 427 |     </div>
      |       ^^^
  428 |   );
  429 | }
  430 |

Parsing ecmascript source code failed

Import traces:
  Client Component Browser:
    ./src/app/admin/pengaturan/page.tsx [Client Component Browser]
    ./src/app/admin/pengaturan/page.tsx [Server Component]

  Client Component SSR:
    ./src/app/admin/pengaturan/page.tsx [Client Component SSR]
    ./src/app/admin/pengaturan/page.tsx [Server Component] @ http://localhost:3000/_next/static/chunks/node_modules_next_dist_0u_w_5s._.js:1945
[  385903ms] [ERROR] ./src/app/admin/pengaturan/page.tsx:427:7
Expected '</', got 'ident'
  425 |         </>
  426 |       )}
> 427 |     </div>
      |       ^^^
  428 |   );
  429 | }
  430 |

Parsing ecmascript source code failed

Import traces:
  Client Component Browser:
    ./src/app/admin/pengaturan/page.tsx [Client Component Browser]
    ./src/app/admin/pengaturan/page.tsx [Server Component]

  Client Component SSR:
    ./src/app/admin/pengaturan/page.tsx [Client Component SSR]
    ./src/app/admin/pengaturan/page.tsx [Server Component] @ http://localhost:3000/_next/static/chunks/node_modules_next_dist_0u_w_5s._.js:1945
[  385979ms] [ERROR] ./src/app/admin/pengaturan/page.tsx:427:7
Expected '</', got 'ident'
  425 |         </>
  426 |       )}
> 427 |     </div>
      |       ^^^
  428 |   );
  429 | }
  430 |

Parsing ecmascript source code failed

Import traces:
  Client Component Browser:
    ./src/app/admin/pengaturan/page.tsx [Client Component Browser]
    ./src/app/admin/pengaturan/page.tsx [Server Component]

  Client Component SSR:
    ./src/app/admin/pengaturan/page.tsx [Client Component SSR]
    ./src/app/admin/pengaturan/page.tsx [Server Component] @ http://localhost:3000/_next/static/chunks/node_modules_next_dist_0u_w_5s._.js:1945
[  386057ms] [ERROR] ./src/app/admin/pengaturan/page.tsx:427:7
Expected '</', got 'ident'
  425 |         </>
  426 |       )}
> 427 |     </div>
      |       ^^^
  428 |   );
  429 | }
  430 |

Parsing ecmascript source code failed

Import traces:
  Client Component Browser:
    ./src/app/admin/pengaturan/page.tsx [Client Component Browser]
    ./src/app/admin/pengaturan/page.tsx [Server Component]

  Client Component SSR:
    ./src/app/admin/pengaturan/page.tsx [Client Component SSR]
    ./src/app/admin/pengaturan/page.tsx [Server Component] @ http://localhost:3000/_next/static/chunks/node_modules_next_dist_0u_w_5s._.js:1945
[  386134ms] [ERROR] ./src/app/admin/pengaturan/page.tsx:427:7
Expected '</', got 'ident'
  425 |         </>
  426 |       )}
> 427 |     </div>
      |       ^^^
  428 |   );
  429 | }
  430 |

Parsing ecmascript source code failed

Import traces:
  Client Component Browser:
    ./src/app/admin/pengaturan/page.tsx [Client Component Browser]
    ./src/app/admin/pengaturan/page.tsx [Server Component]

  Client Component SSR:
    ./src/app/admin/pengaturan/page.tsx [Client Component SSR]
    ./src/app/admin/pengaturan/page.tsx [Server Component] @ http://localhost:3000/_next/static/chunks/node_modules_next_dist_0u_w_5s._.js:1945
[  386213ms] [ERROR] ./src/app/admin/pengaturan/page.tsx:427:7
Expected '</', got 'ident'
  425 |         </>
  426 |       )}
> 427 |     </div>
      |       ^^^
  428 |   );
  429 | }
  430 |

Parsing ecmascript source code failed

Import traces:
  Client Component Browser:
    ./src/app/admin/pengaturan/page.tsx [Client Component Browser]
    ./src/app/admin/pengaturan/page.tsx [Server Component]

  Client Component SSR:
    ./src/app/admin/pengaturan/page.tsx [Client Component SSR]
    ./src/app/admin/pengaturan/page.tsx [Server Component] @ http://localhost:3000/_next/static/chunks/node_modules_next_dist_0u_w_5s._.js:1945
[  386290ms] [ERROR] ./src/app/admin/pengaturan/page.tsx:427:7
Expected '</', got 'ident'
  425 |         </>
  426 |       )}
> 427 |     </div>
      |       ^^^
  428 |   );
  429 | }
  430 |

Parsing ecmascript source code failed

Import traces:
  Client Component Browser:
    ./src/app/admin/pengaturan/page.tsx [Client Component Browser]
    ./src/app/admin/pengaturan/page.tsx [Server Component]

  Client Component SSR:
    ./src/app/admin/pengaturan/page.tsx [Client Component SSR]
    ./src/app/admin/pengaturan/page.tsx [Server Component] @ http://localhost:3000/_next/static/chunks/node_modules_next_dist_0u_w_5s._.js:1945
[  386366ms] [ERROR] ./src/app/admin/pengaturan/page.tsx:427:7
Expected '</', got 'ident'
  425 |         </>
  426 |       )}
> 427 |     </div>
      |       ^^^
  428 |   );
  429 | }
  430 |

Parsing ecmascript source code failed

Import traces:
  Client Component Browser:
    ./src/app/admin/pengaturan/page.tsx [Client Component Browser]
    ./src/app/admin/pengaturan/page.tsx [Server Component]

  Client Component SSR:
    ./src/app/admin/pengaturan/page.tsx [Client Component SSR]
    ./src/app/admin/pengaturan/page.tsx [Server Component] @ http://localhost:3000/_next/static/chunks/node_modules_next_dist_0u_w_5s._.js:1945
[  386441ms] [ERROR] ./src/app/admin/pengaturan/page.tsx:427:7
Expected '</', got 'ident'
  425 |         </>
  426 |       )}
> 427 |     </div>
      |       ^^^
  428 |   );
  429 | }
  430 |

Parsing ecmascript source code failed

Import traces:
  Client Component Browser:
    ./src/app/admin/pengaturan/page.tsx [Client Component Browser]
    ./src/app/admin/pengaturan/page.tsx [Server Component]

  Client Component SSR:
    ./src/app/admin/pengaturan/page.tsx [Client Component SSR]
    ./src/app/admin/pengaturan/page.tsx [Server Component] @ http://localhost:3000/_next/static/chunks/node_modules_next_dist_0u_w_5s._.js:1945
[  386516ms] [ERROR] ./src/app/admin/pengaturan/page.tsx:427:7
Expected '</', got 'ident'
  425 |         </>
  426 |       )}
> 427 |     </div>
      |       ^^^
  428 |   );
  429 | }
  430 |

Parsing ecmascript source code failed

Import traces:
  Client Component Browser:
    ./src/app/admin/pengaturan/page.tsx [Client Component Browser]
    ./src/app/admin/pengaturan/page.tsx [Server Component]

  Client Component SSR:
    ./src/app/admin/pengaturan/page.tsx [Client Component SSR]
    ./src/app/admin/pengaturan/page.tsx [Server Component] @ http://localhost:3000/_next/static/chunks/node_modules_next_dist_0u_w_5s._.js:1945
[  386595ms] [ERROR] ./src/app/admin/pengaturan/page.tsx:427:7
Expected '</', got 'ident'
  425 |         </>
  426 |       )}
> 427 |     </div>
      |       ^^^
  428 |   );
  429 | }
  430 |

Parsing ecmascript source code failed

Import traces:
  Client Component Browser:
    ./src/app/admin/pengaturan/page.tsx [Client Component Browser]
    ./src/app/admin/pengaturan/page.tsx [Server Component]

  Client Component SSR:
    ./src/app/admin/pengaturan/page.tsx [Client Component SSR]
    ./src/app/admin/pengaturan/page.tsx [Server Component] @ http://localhost:3000/_next/static/chunks/node_modules_next_dist_0u_w_5s._.js:1945
[  386671ms] [ERROR] ./src/app/admin/pengaturan/page.tsx:427:7
Expected '</', got 'ident'
  425 |         </>
  426 |       )}
> 427 |     </div>
      |       ^^^
  428 |   );
  429 | }
  430 |

Parsing ecmascript source code failed

Import traces:
  Client Component Browser:
    ./src/app/admin/pengaturan/page.tsx [Client Component Browser]
    ./src/app/admin/pengaturan/page.tsx [Server Component]

  Client Component SSR:
    ./src/app/admin/pengaturan/page.tsx [Client Component SSR]
    ./src/app/admin/pengaturan/page.tsx [Server Component] @ http://localhost:3000/_next/static/chunks/node_modules_next_dist_0u_w_5s._.js:1945
[  386747ms] [ERROR] ./src/app/admin/pengaturan/page.tsx:427:7
Expected '</', got 'ident'
  425 |         </>
  426 |       )}
> 427 |     </div>
      |       ^^^
  428 |   );
  429 | }
  430 |

Parsing ecmascript source code failed

Import traces:
  Client Component Browser:
    ./src/app/admin/pengaturan/page.tsx [Client Component Browser]
    ./src/app/admin/pengaturan/page.tsx [Server Component]

  Client Component SSR:
    ./src/app/admin/pengaturan/page.tsx [Client Component SSR]
    ./src/app/admin/pengaturan/page.tsx [Server Component] @ http://localhost:3000/_next/static/chunks/node_modules_next_dist_0u_w_5s._.js:1945
[  386825ms] [ERROR] ./src/app/admin/pengaturan/page.tsx:427:7
Expected '</', got 'ident'
  425 |         </>
  426 |       )}
> 427 |     </div>
      |       ^^^
  428 |   );
  429 | }
  430 |

Parsing ecmascript source code failed

Import traces:
  Client Component Browser:
    ./src/app/admin/pengaturan/page.tsx [Client Component Browser]
    ./src/app/admin/pengaturan/page.tsx [Server Component]

  Client Component SSR:
    ./src/app/admin/pengaturan/page.tsx [Client Component SSR]
    ./src/app/admin/pengaturan/page.tsx [Server Component] @ http://localhost:3000/_next/static/chunks/node_modules_next_dist_0u_w_5s._.js:1945
[  386902ms] [ERROR] ./src/app/admin/pengaturan/page.tsx:427:7
Expected '</', got 'ident'
  425 |         </>
  426 |       )}
> 427 |     </div>
      |       ^^^
  428 |   );
  429 | }
  430 |

Parsing ecmascript source code failed

Import traces:
  Client Component Browser:
    ./src/app/admin/pengaturan/page.tsx [Client Component Browser]
    ./src/app/admin/pengaturan/page.tsx [Server Component]

  Client Component SSR:
    ./src/app/admin/pengaturan/page.tsx [Client Component SSR]
    ./src/app/admin/pengaturan/page.tsx [Server Component] @ http://localhost:3000/_next/static/chunks/node_modules_next_dist_0u_w_5s._.js:1945
[  386979ms] [ERROR] ./src/app/admin/pengaturan/page.tsx:427:7
Expected '</', got 'ident'
  425 |         </>
  426 |       )}
> 427 |     </div>
      |       ^^^
  428 |   );
  429 | }
  430 |

Parsing ecmascript source code failed

Import traces:
  Client Component Browser:
    ./src/app/admin/pengaturan/page.tsx [Client Component Browser]
    ./src/app/admin/pengaturan/page.tsx [Server Component]

  Client Component SSR:
    ./src/app/admin/pengaturan/page.tsx [Client Component SSR]
    ./src/app/admin/pengaturan/page.tsx [Server Component] @ http://localhost:3000/_next/static/chunks/node_modules_next_dist_0u_w_5s._.js:1945
[  387055ms] [ERROR] ./src/app/admin/pengaturan/page.tsx:427:7
Expected '</', got 'ident'
  425 |         </>
  426 |       )}
> 427 |     </div>
      |       ^^^
  428 |   );
  429 | }
  430 |

Parsing ecmascript source code failed

Import traces:
  Client Component Browser:
    ./src/app/admin/pengaturan/page.tsx [Client Component Browser]
    ./src/app/admin/pengaturan/page.tsx [Server Component]

  Client Component SSR:
    ./src/app/admin/pengaturan/page.tsx [Client Component SSR]
    ./src/app/admin/pengaturan/page.tsx [Server Component] @ http://localhost:3000/_next/static/chunks/node_modules_next_dist_0u_w_5s._.js:1945
[  387132ms] [ERROR] ./src/app/admin/pengaturan/page.tsx:427:7
Expected '</', got 'ident'
  425 |         </>
  426 |       )}
> 427 |     </div>
      |       ^^^
  428 |   );
  429 | }
  430 |

Parsing ecmascript source code failed

Import traces:
  Client Component Browser:
    ./src/app/admin/pengaturan/page.tsx [Client Component Browser]
    ./src/app/admin/pengaturan/page.tsx [Server Component]

  Client Component SSR:
    ./src/app/admin/pengaturan/page.tsx [Client Component SSR]
    ./src/app/admin/pengaturan/page.tsx [Server Component] @ http://localhost:3000/_next/static/chunks/node_modules_next_dist_0u_w_5s._.js:1945
[  387209ms] [ERROR] ./src/app/admin/pengaturan/page.tsx:427:7
Expected '</', got 'ident'
  425 |         </>
  426 |       )}
> 427 |     </div>
      |       ^^^
  428 |   );
  429 | }
  430 |

Parsing ecmascript source code failed

Import traces:
  Client Component Browser:
    ./src/app/admin/pengaturan/page.tsx [Client Component Browser]
    ./src/app/admin/pengaturan/page.tsx [Server Component]

  Client Component SSR:
    ./src/app/admin/pengaturan/page.tsx [Client Component SSR]
    ./src/app/admin/pengaturan/page.tsx [Server Component] @ http://localhost:3000/_next/static/chunks/node_modules_next_dist_0u_w_5s._.js:1945
[  387288ms] [ERROR] ./src/app/admin/pengaturan/page.tsx:427:7
Expected '</', got 'ident'
  425 |         </>
  426 |       )}
> 427 |     </div>
      |       ^^^
  428 |   );
  429 | }
  430 |

Parsing ecmascript source code failed

Import traces:
  Client Component Browser:
    ./src/app/admin/pengaturan/page.tsx [Client Component Browser]
    ./src/app/admin/pengaturan/page.tsx [Server Component]

  Client Component SSR:
    ./src/app/admin/pengaturan/page.tsx [Client Component SSR]
    ./src/app/admin/pengaturan/page.tsx [Server Component] @ http://localhost:3000/_next/static/chunks/node_modules_next_dist_0u_w_5s._.js:1945
[  387366ms] [ERROR] ./src/app/admin/pengaturan/page.tsx:427:7
Expected '</', got 'ident'
  425 |         </>
  426 |       )}
> 427 |     </div>
      |       ^^^
  428 |   );
  429 | }
  430 |

Parsing ecmascript source code failed

Import traces:
  Client Component Browser:
    ./src/app/admin/pengaturan/page.tsx [Client Component Browser]
    ./src/app/admin/pengaturan/page.tsx [Server Component]

  Client Component SSR:
    ./src/app/admin/pengaturan/page.tsx [Client Component SSR]
    ./src/app/admin/pengaturan/page.tsx [Server Component] @ http://localhost:3000/_next/static/chunks/node_modules_next_dist_0u_w_5s._.js:1945
[  387445ms] [ERROR] ./src/app/admin/pengaturan/page.tsx:427:7
Expected '</', got 'ident'
  425 |         </>
  426 |       )}
> 427 |     </div>
      |       ^^^
  428 |   );
  429 | }
  430 |

Parsing ecmascript source code failed

Import traces:
  Client Component Browser:
    ./src/app/admin/pengaturan/page.tsx [Client Component Browser]
    ./src/app/admin/pengaturan/page.tsx [Server Component]

  Client Component SSR:
    ./src/app/admin/pengaturan/page.tsx [Client Component SSR]
    ./src/app/admin/pengaturan/page.tsx [Server Component] @ http://localhost:3000/_next/static/chunks/node_modules_next_dist_0u_w_5s._.js:1945
[  387524ms] [ERROR] ./src/app/admin/pengaturan/page.tsx:427:7
Expected '</', got 'ident'
  425 |         </>
  426 |       )}
> 427 |     </div>
      |       ^^^
  428 |   );
  429 | }
  430 |

Parsing ecmascript source code failed

Import traces:
  Client Component Browser:
    ./src/app/admin/pengaturan/page.tsx [Client Component Browser]
    ./src/app/admin/pengaturan/page.tsx [Server Component]

  Client Component SSR:
    ./src/app/admin/pengaturan/page.tsx [Client Component SSR]
    ./src/app/admin/pengaturan/page.tsx [Server Component] @ http://localhost:3000/_next/static/chunks/node_modules_next_dist_0u_w_5s._.js:1945
[  387599ms] [ERROR] ./src/app/admin/pengaturan/page.tsx:427:7
Expected '</', got 'ident'
  425 |         </>
  426 |       )}
> 427 |     </div>
      |       ^^^
  428 |   );
  429 | }
  430 |

Parsing ecmascript source code failed

Import traces:
  Client Component Browser:
    ./src/app/admin/pengaturan/page.tsx [Client Component Browser]
    ./src/app/admin/pengaturan/page.tsx [Server Component]

  Client Component SSR:
    ./src/app/admin/pengaturan/page.tsx [Client Component SSR]
    ./src/app/admin/pengaturan/page.tsx [Server Component] @ http://localhost:3000/_next/static/chunks/node_modules_next_dist_0u_w_5s._.js:1945
[  387675ms] [ERROR] ./src/app/admin/pengaturan/page.tsx:427:7
Expected '</', got 'ident'
  425 |         </>
  426 |       )}
> 427 |     </div>
      |       ^^^
  428 |   );
  429 | }
  430 |

Parsing ecmascript source code failed

Import traces:
  Client Component Browser:
    ./src/app/admin/pengaturan/page.tsx [Client Component Browser]
    ./src/app/admin/pengaturan/page.tsx [Server Component]

  Client Component SSR:
    ./src/app/admin/pengaturan/page.tsx [Client Component SSR]
    ./src/app/admin/pengaturan/page.tsx [Server Component] @ http://localhost:3000/_next/static/chunks/node_modules_next_dist_0u_w_5s._.js:1945
[  387753ms] [ERROR] ./src/app/admin/pengaturan/page.tsx:427:7
Expected '</', got 'ident'
  425 |         </>
  426 |       )}
> 427 |     </div>
      |       ^^^
  428 |   );
  429 | }
  430 |

Parsing ecmascript source code failed

Import traces:
  Client Component Browser:
    ./src/app/admin/pengaturan/page.tsx [Client Component Browser]
    ./src/app/admin/pengaturan/page.tsx [Server Component]

  Client Component SSR:
    ./src/app/admin/pengaturan/page.tsx [Client Component SSR]
    ./src/app/admin/pengaturan/page.tsx [Server Component] @ http://localhost:3000/_next/static/chunks/node_modules_next_dist_0u_w_5s._.js:1945
[  387833ms] [ERROR] ./src/app/admin/pengaturan/page.tsx:427:7
Expected '</', got 'ident'
  425 |         </>
  426 |       )}
> 427 |     </div>
      |       ^^^
  428 |   );
  429 | }
  430 |

Parsing ecmascript source code failed

Import traces:
  Client Component Browser:
    ./src/app/admin/pengaturan/page.tsx [Client Component Browser]
    ./src/app/admin/pengaturan/page.tsx [Server Component]

  Client Component SSR:
    ./src/app/admin/pengaturan/page.tsx [Client Component SSR]
    ./src/app/admin/pengaturan/page.tsx [Server Component] @ http://localhost:3000/_next/static/chunks/node_modules_next_dist_0u_w_5s._.js:1945
[  387910ms] [ERROR] ./src/app/admin/pengaturan/page.tsx:427:7
Expected '</', got 'ident'
  425 |         </>
  426 |       )}
> 427 |     </div>
      |       ^^^
  428 |   );
  429 | }
  430 |

Parsing ecmascript source code failed

Import traces:
  Client Component Browser:
    ./src/app/admin/pengaturan/page.tsx [Client Component Browser]
    ./src/app/admin/pengaturan/page.tsx [Server Component]

  Client Component SSR:
    ./src/app/admin/pengaturan/page.tsx [Client Component SSR]
    ./src/app/admin/pengaturan/page.tsx [Server Component] @ http://localhost:3000/_next/static/chunks/node_modules_next_dist_0u_w_5s._.js:1945
[  387989ms] [ERROR] ./src/app/admin/pengaturan/page.tsx:427:7
Expected '</', got 'ident'
  425 |         </>
  426 |       )}
> 427 |     </div>
      |       ^^^
  428 |   );
  429 | }
  430 |

Parsing ecmascript source code failed

Import traces:
  Client Component Browser:
    ./src/app/admin/pengaturan/page.tsx [Client Component Browser]
    ./src/app/admin/pengaturan/page.tsx [Server Component]

  Client Component SSR:
    ./src/app/admin/pengaturan/page.tsx [Client Component SSR]
    ./src/app/admin/pengaturan/page.tsx [Server Component] @ http://localhost:3000/_next/static/chunks/node_modules_next_dist_0u_w_5s._.js:1945
[  388065ms] [ERROR] ./src/app/admin/pengaturan/page.tsx:427:7
Expected '</', got 'ident'
  425 |         </>
  426 |       )}
> 427 |     </div>
      |       ^^^
  428 |   );
  429 | }
  430 |

Parsing ecmascript source code failed

Import traces:
  Client Component Browser:
    ./src/app/admin/pengaturan/page.tsx [Client Component Browser]
    ./src/app/admin/pengaturan/page.tsx [Server Component]

  Client Component SSR:
    ./src/app/admin/pengaturan/page.tsx [Client Component SSR]
    ./src/app/admin/pengaturan/page.tsx [Server Component] @ http://localhost:3000/_next/static/chunks/node_modules_next_dist_0u_w_5s._.js:1945
[  388143ms] [ERROR] ./src/app/admin/pengaturan/page.tsx:427:7
Expected '</', got 'ident'
  425 |         </>
  426 |       )}
> 427 |     </div>
      |       ^^^
  428 |   );
  429 | }
  430 |

Parsing ecmascript source code failed

Import traces:
  Client Component Browser:
    ./src/app/admin/pengaturan/page.tsx [Client Component Browser]
    ./src/app/admin/pengaturan/page.tsx [Server Component]

  Client Component SSR:
    ./src/app/admin/pengaturan/page.tsx [Client Component SSR]
    ./src/app/admin/pengaturan/page.tsx [Server Component] @ http://localhost:3000/_next/static/chunks/node_modules_next_dist_0u_w_5s._.js:1945
[  388220ms] [ERROR] ./src/app/admin/pengaturan/page.tsx:427:7
Expected '</', got 'ident'
  425 |         </>
  426 |       )}
> 427 |     </div>
      |       ^^^
  428 |   );
  429 | }
  430 |

Parsing ecmascript source code failed

Import traces:
  Client Component Browser:
    ./src/app/admin/pengaturan/page.tsx [Client Component Browser]
    ./src/app/admin/pengaturan/page.tsx [Server Component]

  Client Component SSR:
    ./src/app/admin/pengaturan/page.tsx [Client Component SSR]
    ./src/app/admin/pengaturan/page.tsx [Server Component] @ http://localhost:3000/_next/static/chunks/node_modules_next_dist_0u_w_5s._.js:1945
[  388298ms] [ERROR] ./src/app/admin/pengaturan/page.tsx:427:7
Expected '</', got 'ident'
  425 |         </>
  426 |       )}
> 427 |     </div>
      |       ^^^
  428 |   );
  429 | }
  430 |

Parsing ecmascript source code failed

Import traces:
  Client Component Browser:
    ./src/app/admin/pengaturan/page.tsx [Client Component Browser]
    ./src/app/admin/pengaturan/page.tsx [Server Component]

  Client Component SSR:
    ./src/app/admin/pengaturan/page.tsx [Client Component SSR]
    ./src/app/admin/pengaturan/page.tsx [Server Component] @ http://localhost:3000/_next/static/chunks/node_modules_next_dist_0u_w_5s._.js:1945
[  388377ms] [ERROR] ./src/app/admin/pengaturan/page.tsx:427:7
Expected '</', got 'ident'
  425 |         </>
  426 |       )}
> 427 |     </div>
      |       ^^^
  428 |   );
  429 | }
  430 |

Parsing ecmascript source code failed

Import traces:
  Client Component Browser:
    ./src/app/admin/pengaturan/page.tsx [Client Component Browser]
    ./src/app/admin/pengaturan/page.tsx [Server Component]

  Client Component SSR:
    ./src/app/admin/pengaturan/page.tsx [Client Component SSR]
    ./src/app/admin/pengaturan/page.tsx [Server Component] @ http://localhost:3000/_next/static/chunks/node_modules_next_dist_0u_w_5s._.js:1945
[  388455ms] [ERROR] ./src/app/admin/pengaturan/page.tsx:427:7
Expected '</', got 'ident'
  425 |         </>
  426 |       )}
> 427 |     </div>
      |       ^^^
  428 |   );
  429 | }
  430 |

Parsing ecmascript source code failed

Import traces:
  Client Component Browser:
    ./src/app/admin/pengaturan/page.tsx [Client Component Browser]
    ./src/app/admin/pengaturan/page.tsx [Server Component]

  Client Component SSR:
    ./src/app/admin/pengaturan/page.tsx [Client Component SSR]
    ./src/app/admin/pengaturan/page.tsx [Server Component] @ http://localhost:3000/_next/static/chunks/node_modules_next_dist_0u_w_5s._.js:1945
[  388533ms] [ERROR] ./src/app/admin/pengaturan/page.tsx:427:7
Expected '</', got 'ident'
  425 |         </>
  426 |       )}
> 427 |     </div>
      |       ^^^
  428 |   );
  429 | }
  430 |

Parsing ecmascript source code failed

Import traces:
  Client Component Browser:
    ./src/app/admin/pengaturan/page.tsx [Client Component Browser]
    ./src/app/admin/pengaturan/page.tsx [Server Component]

  Client Component SSR:
    ./src/app/admin/pengaturan/page.tsx [Client Component SSR]
    ./src/app/admin/pengaturan/page.tsx [Server Component] @ http://localhost:3000/_next/static/chunks/node_modules_next_dist_0u_w_5s._.js:1945
[  388608ms] [ERROR] ./src/app/admin/pengaturan/page.tsx:427:7
Expected '</', got 'ident'
  425 |         </>
  426 |       )}
> 427 |     </div>
      |       ^^^
  428 |   );
  429 | }
  430 |

Parsing ecmascript source code failed

Import traces:
  Client Component Browser:
    ./src/app/admin/pengaturan/page.tsx [Client Component Browser]
    ./src/app/admin/pengaturan/page.tsx [Server Component]

  Client Component SSR:
    ./src/app/admin/pengaturan/page.tsx [Client Component SSR]
    ./src/app/admin/pengaturan/page.tsx [Server Component] @ http://localhost:3000/_next/static/chunks/node_modules_next_dist_0u_w_5s._.js:1945
[  388683ms] [ERROR] ./src/app/admin/pengaturan/page.tsx:427:7
Expected '</', got 'ident'
  425 |         </>
  426 |       )}
> 427 |     </div>
      |       ^^^
  428 |   );
  429 | }
  430 |

Parsing ecmascript source code failed

Import traces:
  Client Component Browser:
    ./src/app/admin/pengaturan/page.tsx [Client Component Browser]
    ./src/app/admin/pengaturan/page.tsx [Server Component]

  Client Component SSR:
    ./src/app/admin/pengaturan/page.tsx [Client Component SSR]
    ./src/app/admin/pengaturan/page.tsx [Server Component] @ http://localhost:3000/_next/static/chunks/node_modules_next_dist_0u_w_5s._.js:1945
[  388758ms] [ERROR] ./src/app/admin/pengaturan/page.tsx:427:7
Expected '</', got 'ident'
  425 |         </>
  426 |       )}
> 427 |     </div>
      |       ^^^
  428 |   );
  429 | }
  430 |

Parsing ecmascript source code failed

Import traces:
  Client Component Browser:
    ./src/app/admin/pengaturan/page.tsx [Client Component Browser]
    ./src/app/admin/pengaturan/page.tsx [Server Component]

  Client Component SSR:
    ./src/app/admin/pengaturan/page.tsx [Client Component SSR]
    ./src/app/admin/pengaturan/page.tsx [Server Component] @ http://localhost:3000/_next/static/chunks/node_modules_next_dist_0u_w_5s._.js:1945
[  388833ms] [ERROR] ./src/app/admin/pengaturan/page.tsx:427:7
Expected '</', got 'ident'
  425 |         </>
  426 |       )}
> 427 |     </div>
      |       ^^^
  428 |   );
  429 | }
  430 |

Parsing ecmascript source code failed

Import traces:
  Client Component Browser:
    ./src/app/admin/pengaturan/page.tsx [Client Component Browser]
    ./src/app/admin/pengaturan/page.tsx [Server Component]

  Client Component SSR:
    ./src/app/admin/pengaturan/page.tsx [Client Component SSR]
    ./src/app/admin/pengaturan/page.tsx [Server Component] @ http://localhost:3000/_next/static/chunks/node_modules_next_dist_0u_w_5s._.js:1945
[  388911ms] [ERROR] ./src/app/admin/pengaturan/page.tsx:427:7
Expected '</', got 'ident'
  425 |         </>
  426 |       )}
> 427 |     </div>
      |       ^^^
  428 |   );
  429 | }
  430 |

Parsing ecmascript source code failed

Import traces:
  Client Component Browser:
    ./src/app/admin/pengaturan/page.tsx [Client Component Browser]
    ./src/app/admin/pengaturan/page.tsx [Server Component]

  Client Component SSR:
    ./src/app/admin/pengaturan/page.tsx [Client Component SSR]
    ./src/app/admin/pengaturan/page.tsx [Server Component] @ http://localhost:3000/_next/static/chunks/node_modules_next_dist_0u_w_5s._.js:1945
[  388990ms] [ERROR] ./src/app/admin/pengaturan/page.tsx:427:7
Expected '</', got 'ident'
  425 |         </>
  426 |       )}
> 427 |     </div>
      |       ^^^
  428 |   );
  429 | }
  430 |

Parsing ecmascript source code failed

Import traces:
  Client Component Browser:
    ./src/app/admin/pengaturan/page.tsx [Client Component Browser]
    ./src/app/admin/pengaturan/page.tsx [Server Component]

  Client Component SSR:
    ./src/app/admin/pengaturan/page.tsx [Client Component SSR]
    ./src/app/admin/pengaturan/page.tsx [Server Component] @ http://localhost:3000/_next/static/chunks/node_modules_next_dist_0u_w_5s._.js:1945
[  389067ms] [ERROR] ./src/app/admin/pengaturan/page.tsx:427:7
Expected '</', got 'ident'
  425 |         </>
  426 |       )}
> 427 |     </div>
      |       ^^^
  428 |   );
  429 | }
  430 |

Parsing ecmascript source code failed

Import traces:
  Client Component Browser:
    ./src/app/admin/pengaturan/page.tsx [Client Component Browser]
    ./src/app/admin/pengaturan/page.tsx [Server Component]

  Client Component SSR:
    ./src/app/admin/pengaturan/page.tsx [Client Component SSR]
    ./src/app/admin/pengaturan/page.tsx [Server Component] @ http://localhost:3000/_next/static/chunks/node_modules_next_dist_0u_w_5s._.js:1945
[  389142ms] [ERROR] ./src/app/admin/pengaturan/page.tsx:427:7
Expected '</', got 'ident'
  425 |         </>
  426 |       )}
> 427 |     </div>
      |       ^^^
  428 |   );
  429 | }
  430 |

Parsing ecmascript source code failed

Import traces:
  Client Component Browser:
    ./src/app/admin/pengaturan/page.tsx [Client Component Browser]
    ./src/app/admin/pengaturan/page.tsx [Server Component]

  Client Component SSR:
    ./src/app/admin/pengaturan/page.tsx [Client Component SSR]
    ./src/app/admin/pengaturan/page.tsx [Server Component] @ http://localhost:3000/_next/static/chunks/node_modules_next_dist_0u_w_5s._.js:1945
[  389221ms] [ERROR] ./src/app/admin/pengaturan/page.tsx:427:7
Expected '</', got 'ident'
  425 |         </>
  426 |       )}
> 427 |     </div>
      |       ^^^
  428 |   );
  429 | }
  430 |

Parsing ecmascript source code failed

Import traces:
  Client Component Browser:
    ./src/app/admin/pengaturan/page.tsx [Client Component Browser]
    ./src/app/admin/pengaturan/page.tsx [Server Component]

  Client Component SSR:
    ./src/app/admin/pengaturan/page.tsx [Client Component SSR]
    ./src/app/admin/pengaturan/page.tsx [Server Component] @ http://localhost:3000/_next/static/chunks/node_modules_next_dist_0u_w_5s._.js:1945
[  389300ms] [ERROR] ./src/app/admin/pengaturan/page.tsx:427:7
Expected '</', got 'ident'
  425 |         </>
  426 |       )}
> 427 |     </div>
      |       ^^^
  428 |   );
  429 | }
  430 |

Parsing ecmascript source code failed

Import traces:
  Client Component Browser:
    ./src/app/admin/pengaturan/page.tsx [Client Component Browser]
    ./src/app/admin/pengaturan/page.tsx [Server Component]

  Client Component SSR:
    ./src/app/admin/pengaturan/page.tsx [Client Component SSR]
    ./src/app/admin/pengaturan/page.tsx [Server Component] @ http://localhost:3000/_next/static/chunks/node_modules_next_dist_0u_w_5s._.js:1945
[  389379ms] [ERROR] ./src/app/admin/pengaturan/page.tsx:427:7
Expected '</', got 'ident'
  425 |         </>
  426 |       )}
> 427 |     </div>
      |       ^^^
  428 |   );
  429 | }
  430 |

Parsing ecmascript source code failed

Import traces:
  Client Component Browser:
    ./src/app/admin/pengaturan/page.tsx [Client Component Browser]
    ./src/app/admin/pengaturan/page.tsx [Server Component]

  Client Component SSR:
    ./src/app/admin/pengaturan/page.tsx [Client Component SSR]
    ./src/app/admin/pengaturan/page.tsx [Server Component] @ http://localhost:3000/_next/static/chunks/node_modules_next_dist_0u_w_5s._.js:1945
[  389458ms] [ERROR] ./src/app/admin/pengaturan/page.tsx:427:7
Expected '</', got 'ident'
  425 |         </>
  426 |       )}
> 427 |     </div>
      |       ^^^
  428 |   );
  429 | }
  430 |

Parsing ecmascript source code failed

Import traces:
  Client Component Browser:
    ./src/app/admin/pengaturan/page.tsx [Client Component Browser]
    ./src/app/admin/pengaturan/page.tsx [Server Component]

  Client Component SSR:
    ./src/app/admin/pengaturan/page.tsx [Client Component SSR]
    ./src/app/admin/pengaturan/page.tsx [Server Component] @ http://localhost:3000/_next/static/chunks/node_modules_next_dist_0u_w_5s._.js:1945
[  389534ms] [ERROR] ./src/app/admin/pengaturan/page.tsx:427:7
Expected '</', got 'ident'
  425 |         </>
  426 |       )}
> 427 |     </div>
      |       ^^^
  428 |   );
  429 | }
  430 |

Parsing ecmascript source code failed

Import traces:
  Client Component Browser:
    ./src/app/admin/pengaturan/page.tsx [Client Component Browser]
    ./src/app/admin/pengaturan/page.tsx [Server Component]

  Client Component SSR:
    ./src/app/admin/pengaturan/page.tsx [Client Component SSR]
    ./src/app/admin/pengaturan/page.tsx [Server Component] @ http://localhost:3000/_next/static/chunks/node_modules_next_dist_0u_w_5s._.js:1945
[  389610ms] [ERROR] ./src/app/admin/pengaturan/page.tsx:427:7
Expected '</', got 'ident'
  425 |         </>
  426 |       )}
> 427 |     </div>
      |       ^^^
  428 |   );
  429 | }
  430 |

Parsing ecmascript source code failed

Import traces:
  Client Component Browser:
    ./src/app/admin/pengaturan/page.tsx [Client Component Browser]
    ./src/app/admin/pengaturan/page.tsx [Server Component]

  Client Component SSR:
    ./src/app/admin/pengaturan/page.tsx [Client Component SSR]
    ./src/app/admin/pengaturan/page.tsx [Server Component] @ http://localhost:3000/_next/static/chunks/node_modules_next_dist_0u_w_5s._.js:1945
[  389689ms] [ERROR] ./src/app/admin/pengaturan/page.tsx:427:7
Expected '</', got 'ident'
  425 |         </>
  426 |       )}
> 427 |     </div>
      |       ^^^
  428 |   );
  429 | }
  430 |

Parsing ecmascript source code failed

Import traces:
  Client Component Browser:
    ./src/app/admin/pengaturan/page.tsx [Client Component Browser]
    ./src/app/admin/pengaturan/page.tsx [Server Component]

  Client Component SSR:
    ./src/app/admin/pengaturan/page.tsx [Client Component SSR]
    ./src/app/admin/pengaturan/page.tsx [Server Component] @ http://localhost:3000/_next/static/chunks/node_modules_next_dist_0u_w_5s._.js:1945
[  389768ms] [ERROR] ./src/app/admin/pengaturan/page.tsx:427:7
Expected '</', got 'ident'
  425 |         </>
  426 |       )}
> 427 |     </div>
      |       ^^^
  428 |   );
  429 | }
  430 |

Parsing ecmascript source code failed

Import traces:
  Client Component Browser:
    ./src/app/admin/pengaturan/page.tsx [Client Component Browser]
    ./src/app/admin/pengaturan/page.tsx [Server Component]

  Client Component SSR:
    ./src/app/admin/pengaturan/page.tsx [Client Component SSR]
    ./src/app/admin/pengaturan/page.tsx [Server Component] @ http://localhost:3000/_next/static/chunks/node_modules_next_dist_0u_w_5s._.js:1945
[  389846ms] [ERROR] ./src/app/admin/pengaturan/page.tsx:427:7
Expected '</', got 'ident'
  425 |         </>
  426 |       )}
> 427 |     </div>
      |       ^^^
  428 |   );
  429 | }
  430 |

Parsing ecmascript source code failed

Import traces:
  Client Component Browser:
    ./src/app/admin/pengaturan/page.tsx [Client Component Browser]
    ./src/app/admin/pengaturan/page.tsx [Server Component]

  Client Component SSR:
    ./src/app/admin/pengaturan/page.tsx [Client Component SSR]
    ./src/app/admin/pengaturan/page.tsx [Server Component] @ http://localhost:3000/_next/static/chunks/node_modules_next_dist_0u_w_5s._.js:1945
[  389925ms] [ERROR] ./src/app/admin/pengaturan/page.tsx:427:7
Expected '</', got 'ident'
  425 |         </>
  426 |       )}
> 427 |     </div>
      |       ^^^
  428 |   );
  429 | }
  430 |

Parsing ecmascript source code failed

Import traces:
  Client Component Browser:
    ./src/app/admin/pengaturan/page.tsx [Client Component Browser]
    ./src/app/admin/pengaturan/page.tsx [Server Component]

  Client Component SSR:
    ./src/app/admin/pengaturan/page.tsx [Client Component SSR]
    ./src/app/admin/pengaturan/page.tsx [Server Component] @ http://localhost:3000/_next/static/chunks/node_modules_next_dist_0u_w_5s._.js:1945
[  390004ms] [ERROR] ./src/app/admin/pengaturan/page.tsx:427:7
Expected '</', got 'ident'
  425 |         </>
  426 |       )}
> 427 |     </div>
      |       ^^^
  428 |   );
  429 | }
  430 |

Parsing ecmascript source code failed

Import traces:
  Client Component Browser:
    ./src/app/admin/pengaturan/page.tsx [Client Component Browser]
    ./src/app/admin/pengaturan/page.tsx [Server Component]

  Client Component SSR:
    ./src/app/admin/pengaturan/page.tsx [Client Component SSR]
    ./src/app/admin/pengaturan/page.tsx [Server Component] @ http://localhost:3000/_next/static/chunks/node_modules_next_dist_0u_w_5s._.js:1945
[  390080ms] [ERROR] ./src/app/admin/pengaturan/page.tsx:427:7
Expected '</', got 'ident'
  425 |         </>
  426 |       )}
> 427 |     </div>
      |       ^^^
  428 |   );
  429 | }
  430 |

Parsing ecmascript source code failed

Import traces:
  Client Component Browser:
    ./src/app/admin/pengaturan/page.tsx [Client Component Browser]
    ./src/app/admin/pengaturan/page.tsx [Server Component]

  Client Component SSR:
    ./src/app/admin/pengaturan/page.tsx [Client Component SSR]
    ./src/app/admin/pengaturan/page.tsx [Server Component] @ http://localhost:3000/_next/static/chunks/node_modules_next_dist_0u_w_5s._.js:1945
[  390155ms] [ERROR] ./src/app/admin/pengaturan/page.tsx:427:7
Expected '</', got 'ident'
  425 |         </>
  426 |       )}
> 427 |     </div>
      |       ^^^
  428 |   );
  429 | }
  430 |

Parsing ecmascript source code failed

Import traces:
  Client Component Browser:
    ./src/app/admin/pengaturan/page.tsx [Client Component Browser]
    ./src/app/admin/pengaturan/page.tsx [Server Component]

  Client Component SSR:
    ./src/app/admin/pengaturan/page.tsx [Client Component SSR]
    ./src/app/admin/pengaturan/page.tsx [Server Component] @ http://localhost:3000/_next/static/chunks/node_modules_next_dist_0u_w_5s._.js:1945
[  390229ms] [ERROR] ./src/app/admin/pengaturan/page.tsx:427:7
Expected '</', got 'ident'
  425 |         </>
  426 |       )}
> 427 |     </div>
      |       ^^^
  428 |   );
  429 | }
  430 |

Parsing ecmascript source code failed

Import traces:
  Client Component Browser:
    ./src/app/admin/pengaturan/page.tsx [Client Component Browser]
    ./src/app/admin/pengaturan/page.tsx [Server Component]

  Client Component SSR:
    ./src/app/admin/pengaturan/page.tsx [Client Component SSR]
    ./src/app/admin/pengaturan/page.tsx [Server Component] @ http://localhost:3000/_next/static/chunks/node_modules_next_dist_0u_w_5s._.js:1945
[  390308ms] [ERROR] ./src/app/admin/pengaturan/page.tsx:427:7
Expected '</', got 'ident'
  425 |         </>
  426 |       )}
> 427 |     </div>
      |       ^^^
  428 |   );
  429 | }
  430 |

Parsing ecmascript source code failed

Import traces:
  Client Component Browser:
    ./src/app/admin/pengaturan/page.tsx [Client Component Browser]
    ./src/app/admin/pengaturan/page.tsx [Server Component]

  Client Component SSR:
    ./src/app/admin/pengaturan/page.tsx [Client Component SSR]
    ./src/app/admin/pengaturan/page.tsx [Server Component] @ http://localhost:3000/_next/static/chunks/node_modules_next_dist_0u_w_5s._.js:1945
[  390387ms] [ERROR] ./src/app/admin/pengaturan/page.tsx:427:7
Expected '</', got 'ident'
  425 |         </>
  426 |       )}
> 427 |     </div>
      |       ^^^
  428 |   );
  429 | }
  430 |

Parsing ecmascript source code failed

Import traces:
  Client Component Browser:
    ./src/app/admin/pengaturan/page.tsx [Client Component Browser]
    ./src/app/admin/pengaturan/page.tsx [Server Component]

  Client Component SSR:
    ./src/app/admin/pengaturan/page.tsx [Client Component SSR]
    ./src/app/admin/pengaturan/page.tsx [Server Component] @ http://localhost:3000/_next/static/chunks/node_modules_next_dist_0u_w_5s._.js:1945
[  390464ms] [ERROR] ./src/app/admin/pengaturan/page.tsx:427:7
Expected '</', got 'ident'
  425 |         </>
  426 |       )}
> 427 |     </div>
      |       ^^^
  428 |   );
  429 | }
  430 |

Parsing ecmascript source code failed

Import traces:
  Client Component Browser:
    ./src/app/admin/pengaturan/page.tsx [Client Component Browser]
    ./src/app/admin/pengaturan/page.tsx [Server Component]

  Client Component SSR:
    ./src/app/admin/pengaturan/page.tsx [Client Component SSR]
    ./src/app/admin/pengaturan/page.tsx [Server Component] @ http://localhost:3000/_next/static/chunks/node_modules_next_dist_0u_w_5s._.js:1945
[  390541ms] [ERROR] ./src/app/admin/pengaturan/page.tsx:427:7
Expected '</', got 'ident'
  425 |         </>
  426 |       )}
> 427 |     </div>
      |       ^^^
  428 |   );
  429 | }
  430 |

Parsing ecmascript source code failed

Import traces:
  Client Component Browser:
    ./src/app/admin/pengaturan/page.tsx [Client Component Browser]
    ./src/app/admin/pengaturan/page.tsx [Server Component]

  Client Component SSR:
    ./src/app/admin/pengaturan/page.tsx [Client Component SSR]
    ./src/app/admin/pengaturan/page.tsx [Server Component] @ http://localhost:3000/_next/static/chunks/node_modules_next_dist_0u_w_5s._.js:1945
[  390621ms] [ERROR] ./src/app/admin/pengaturan/page.tsx:427:7
Expected '</', got 'ident'
  425 |         </>
  426 |       )}
> 427 |     </div>
      |       ^^^
  428 |   );
  429 | }
  430 |

Parsing ecmascript source code failed

Import traces:
  Client Component Browser:
    ./src/app/admin/pengaturan/page.tsx [Client Component Browser]
    ./src/app/admin/pengaturan/page.tsx [Server Component]

  Client Component SSR:
    ./src/app/admin/pengaturan/page.tsx [Client Component SSR]
    ./src/app/admin/pengaturan/page.tsx [Server Component] @ http://localhost:3000/_next/static/chunks/node_modules_next_dist_0u_w_5s._.js:1945
[  390697ms] [ERROR] ./src/app/admin/pengaturan/page.tsx:427:7
Expected '</', got 'ident'
  425 |         </>
  426 |       )}
> 427 |     </div>
      |       ^^^
  428 |   );
  429 | }
  430 |

Parsing ecmascript source code failed

Import traces:
  Client Component Browser:
    ./src/app/admin/pengaturan/page.tsx [Client Component Browser]
    ./src/app/admin/pengaturan/page.tsx [Server Component]

  Client Component SSR:
    ./src/app/admin/pengaturan/page.tsx [Client Component SSR]
    ./src/app/admin/pengaturan/page.tsx [Server Component] @ http://localhost:3000/_next/static/chunks/node_modules_next_dist_0u_w_5s._.js:1945
[  390772ms] [ERROR] ./src/app/admin/pengaturan/page.tsx:427:7
Expected '</', got 'ident'
  425 |         </>
  426 |       )}
> 427 |     </div>
      |       ^^^
  428 |   );
  429 | }
  430 |

Parsing ecmascript source code failed

Import traces:
  Client Component Browser:
    ./src/app/admin/pengaturan/page.tsx [Client Component Browser]
    ./src/app/admin/pengaturan/page.tsx [Server Component]

  Client Component SSR:
    ./src/app/admin/pengaturan/page.tsx [Client Component SSR]
    ./src/app/admin/pengaturan/page.tsx [Server Component] @ http://localhost:3000/_next/static/chunks/node_modules_next_dist_0u_w_5s._.js:1945
[  390847ms] [ERROR] ./src/app/admin/pengaturan/page.tsx:427:7
Expected '</', got 'ident'
  425 |         </>
  426 |       )}
> 427 |     </div>
      |       ^^^
  428 |   );
  429 | }
  430 |

Parsing ecmascript source code failed

Import traces:
  Client Component Browser:
    ./src/app/admin/pengaturan/page.tsx [Client Component Browser]
    ./src/app/admin/pengaturan/page.tsx [Server Component]

  Client Component SSR:
    ./src/app/admin/pengaturan/page.tsx [Client Component SSR]
    ./src/app/admin/pengaturan/page.tsx [Server Component] @ http://localhost:3000/_next/static/chunks/node_modules_next_dist_0u_w_5s._.js:1945
[  390924ms] [ERROR] ./src/app/admin/pengaturan/page.tsx:427:7
Expected '</', got 'ident'
  425 |         </>
  426 |       )}
> 427 |     </div>
      |       ^^^
  428 |   );
  429 | }
  430 |

Parsing ecmascript source code failed

Import traces:
  Client Component Browser:
    ./src/app/admin/pengaturan/page.tsx [Client Component Browser]
    ./src/app/admin/pengaturan/page.tsx [Server Component]

  Client Component SSR:
    ./src/app/admin/pengaturan/page.tsx [Client Component SSR]
    ./src/app/admin/pengaturan/page.tsx [Server Component] @ http://localhost:3000/_next/static/chunks/node_modules_next_dist_0u_w_5s._.js:1945
[  391001ms] [ERROR] ./src/app/admin/pengaturan/page.tsx:427:7
Expected '</', got 'ident'
  425 |         </>
  426 |       )}
> 427 |     </div>
      |       ^^^
  428 |   );
  429 | }
  430 |

Parsing ecmascript source code failed

Import traces:
  Client Component Browser:
    ./src/app/admin/pengaturan/page.tsx [Client Component Browser]
    ./src/app/admin/pengaturan/page.tsx [Server Component]

  Client Component SSR:
    ./src/app/admin/pengaturan/page.tsx [Client Component SSR]
    ./src/app/admin/pengaturan/page.tsx [Server Component] @ http://localhost:3000/_next/static/chunks/node_modules_next_dist_0u_w_5s._.js:1945
[  391078ms] [ERROR] ./src/app/admin/pengaturan/page.tsx:427:7
Expected '</', got 'ident'
  425 |         </>
  426 |       )}
> 427 |     </div>
      |       ^^^
  428 |   );
  429 | }
  430 |

Parsing ecmascript source code failed

Import traces:
  Client Component Browser:
    ./src/app/admin/pengaturan/page.tsx [Client Component Browser]
    ./src/app/admin/pengaturan/page.tsx [Server Component]

  Client Component SSR:
    ./src/app/admin/pengaturan/page.tsx [Client Component SSR]
    ./src/app/admin/pengaturan/page.tsx [Server Component] @ http://localhost:3000/_next/static/chunks/node_modules_next_dist_0u_w_5s._.js:1945
[  391156ms] [ERROR] ./src/app/admin/pengaturan/page.tsx:427:7
Expected '</', got 'ident'
  425 |         </>
  426 |       )}
> 427 |     </div>
      |       ^^^
  428 |   );
  429 | }
  430 |

Parsing ecmascript source code failed

Import traces:
  Client Component Browser:
    ./src/app/admin/pengaturan/page.tsx [Client Component Browser]
    ./src/app/admin/pengaturan/page.tsx [Server Component]

  Client Component SSR:
    ./src/app/admin/pengaturan/page.tsx [Client Component SSR]
    ./src/app/admin/pengaturan/page.tsx [Server Component] @ http://localhost:3000/_next/static/chunks/node_modules_next_dist_0u_w_5s._.js:1945
[  391230ms] [ERROR] ./src/app/admin/pengaturan/page.tsx:427:7
Expected '</', got 'ident'
  425 |         </>
  426 |       )}
> 427 |     </div>
      |       ^^^
  428 |   );
  429 | }
  430 |

Parsing ecmascript source code failed

Import traces:
  Client Component Browser:
    ./src/app/admin/pengaturan/page.tsx [Client Component Browser]
    ./src/app/admin/pengaturan/page.tsx [Server Component]

  Client Component SSR:
    ./src/app/admin/pengaturan/page.tsx [Client Component SSR]
    ./src/app/admin/pengaturan/page.tsx [Server Component] @ http://localhost:3000/_next/static/chunks/node_modules_next_dist_0u_w_5s._.js:1945
[  391305ms] [ERROR] ./src/app/admin/pengaturan/page.tsx:427:7
Expected '</', got 'ident'
  425 |         </>
  426 |       )}
> 427 |     </div>
      |       ^^^
  428 |   );
  429 | }
  430 |

Parsing ecmascript source code failed

Import traces:
  Client Component Browser:
    ./src/app/admin/pengaturan/page.tsx [Client Component Browser]
    ./src/app/admin/pengaturan/page.tsx [Server Component]

  Client Component SSR:
    ./src/app/admin/pengaturan/page.tsx [Client Component SSR]
    ./src/app/admin/pengaturan/page.tsx [Server Component] @ http://localhost:3000/_next/static/chunks/node_modules_next_dist_0u_w_5s._.js:1945
[  391381ms] [ERROR] ./src/app/admin/pengaturan/page.tsx:427:7
Expected '</', got 'ident'
  425 |         </>
  426 |       )}
> 427 |     </div>
      |       ^^^
  428 |   );
  429 | }
  430 |

Parsing ecmascript source code failed

Import traces:
  Client Component Browser:
    ./src/app/admin/pengaturan/page.tsx [Client Component Browser]
    ./src/app/admin/pengaturan/page.tsx [Server Component]

  Client Component SSR:
    ./src/app/admin/pengaturan/page.tsx [Client Component SSR]
    ./src/app/admin/pengaturan/page.tsx [Server Component] @ http://localhost:3000/_next/static/chunks/node_modules_next_dist_0u_w_5s._.js:1945
[  391456ms] [ERROR] ./src/app/admin/pengaturan/page.tsx:427:7
Expected '</', got 'ident'
  425 |         </>
  426 |       )}
> 427 |     </div>
      |       ^^^
  428 |   );
  429 | }
  430 |

Parsing ecmascript source code failed

Import traces:
  Client Component Browser:
    ./src/app/admin/pengaturan/page.tsx [Client Component Browser]
    ./src/app/admin/pengaturan/page.tsx [Server Component]

  Client Component SSR:
    ./src/app/admin/pengaturan/page.tsx [Client Component SSR]
    ./src/app/admin/pengaturan/page.tsx [Server Component] @ http://localhost:3000/_next/static/chunks/node_modules_next_dist_0u_w_5s._.js:1945
[  391531ms] [ERROR] ./src/app/admin/pengaturan/page.tsx:427:7
Expected '</', got 'ident'
  425 |         </>
  426 |       )}
> 427 |     </div>
      |       ^^^
  428 |   );
  429 | }
  430 |

Parsing ecmascript source code failed

Import traces:
  Client Component Browser:
    ./src/app/admin/pengaturan/page.tsx [Client Component Browser]
    ./src/app/admin/pengaturan/page.tsx [Server Component]

  Client Component SSR:
    ./src/app/admin/pengaturan/page.tsx [Client Component SSR]
    ./src/app/admin/pengaturan/page.tsx [Server Component] @ http://localhost:3000/_next/static/chunks/node_modules_next_dist_0u_w_5s._.js:1945
[  391609ms] [ERROR] ./src/app/admin/pengaturan/page.tsx:427:7
Expected '</', got 'ident'
  425 |         </>
  426 |       )}
> 427 |     </div>
      |       ^^^
  428 |   );
  429 | }
  430 |

Parsing ecmascript source code failed

Import traces:
  Client Component Browser:
    ./src/app/admin/pengaturan/page.tsx [Client Component Browser]
    ./src/app/admin/pengaturan/page.tsx [Server Component]

  Client Component SSR:
    ./src/app/admin/pengaturan/page.tsx [Client Component SSR]
    ./src/app/admin/pengaturan/page.tsx [Server Component] @ http://localhost:3000/_next/static/chunks/node_modules_next_dist_0u_w_5s._.js:1945
[  391684ms] [ERROR] ./src/app/admin/pengaturan/page.tsx:427:7
Expected '</', got 'ident'
  425 |         </>
  426 |       )}
> 427 |     </div>
      |       ^^^
  428 |   );
  429 | }
  430 |

Parsing ecmascript source code failed

Import traces:
  Client Component Browser:
    ./src/app/admin/pengaturan/page.tsx [Client Component Browser]
    ./src/app/admin/pengaturan/page.tsx [Server Component]

  Client Component SSR:
    ./src/app/admin/pengaturan/page.tsx [Client Component SSR]
    ./src/app/admin/pengaturan/page.tsx [Server Component] @ http://localhost:3000/_next/static/chunks/node_modules_next_dist_0u_w_5s._.js:1945
[  391762ms] [ERROR] ./src/app/admin/pengaturan/page.tsx:427:7
Expected '</', got 'ident'
  425 |         </>
  426 |       )}
> 427 |     </div>
      |       ^^^
  428 |   );
  429 | }
  430 |

Parsing ecmascript source code failed

Import traces:
  Client Component Browser:
    ./src/app/admin/pengaturan/page.tsx [Client Component Browser]
    ./src/app/admin/pengaturan/page.tsx [Server Component]

  Client Component SSR:
    ./src/app/admin/pengaturan/page.tsx [Client Component SSR]
    ./src/app/admin/pengaturan/page.tsx [Server Component] @ http://localhost:3000/_next/static/chunks/node_modules_next_dist_0u_w_5s._.js:1945
[  391841ms] [ERROR] ./src/app/admin/pengaturan/page.tsx:427:7
Expected '</', got 'ident'
  425 |         </>
  426 |       )}
> 427 |     </div>
      |       ^^^
  428 |   );
  429 | }
  430 |

Parsing ecmascript source code failed

Import traces:
  Client Component Browser:
    ./src/app/admin/pengaturan/page.tsx [Client Component Browser]
    ./src/app/admin/pengaturan/page.tsx [Server Component]

  Client Component SSR:
    ./src/app/admin/pengaturan/page.tsx [Client Component SSR]
    ./src/app/admin/pengaturan/page.tsx [Server Component] @ http://localhost:3000/_next/static/chunks/node_modules_next_dist_0u_w_5s._.js:1945
[  391919ms] [ERROR] ./src/app/admin/pengaturan/page.tsx:427:7
Expected '</', got 'ident'
  425 |         </>
  426 |       )}
> 427 |     </div>
      |       ^^^
  428 |   );
  429 | }
  430 |

Parsing ecmascript source code failed

Import traces:
  Client Component Browser:
    ./src/app/admin/pengaturan/page.tsx [Client Component Browser]
    ./src/app/admin/pengaturan/page.tsx [Server Component]

  Client Component SSR:
    ./src/app/admin/pengaturan/page.tsx [Client Component SSR]
    ./src/app/admin/pengaturan/page.tsx [Server Component] @ http://localhost:3000/_next/static/chunks/node_modules_next_dist_0u_w_5s._.js:1945
[  391998ms] [ERROR] ./src/app/admin/pengaturan/page.tsx:427:7
Expected '</', got 'ident'
  425 |         </>
  426 |       )}
> 427 |     </div>
      |       ^^^
  428 |   );
  429 | }
  430 |

Parsing ecmascript source code failed

Import traces:
  Client Component Browser:
    ./src/app/admin/pengaturan/page.tsx [Client Component Browser]
    ./src/app/admin/pengaturan/page.tsx [Server Component]

  Client Component SSR:
    ./src/app/admin/pengaturan/page.tsx [Client Component SSR]
    ./src/app/admin/pengaturan/page.tsx [Server Component] @ http://localhost:3000/_next/static/chunks/node_modules_next_dist_0u_w_5s._.js:1945
[  392073ms] [ERROR] ./src/app/admin/pengaturan/page.tsx:427:7
Expected '</', got 'ident'
  425 |         </>
  426 |       )}
> 427 |     </div>
      |       ^^^
  428 |   );
  429 | }
  430 |

Parsing ecmascript source code failed

Import traces:
  Client Component Browser:
    ./src/app/admin/pengaturan/page.tsx [Client Component Browser]
    ./src/app/admin/pengaturan/page.tsx [Server Component]

  Client Component SSR:
    ./src/app/admin/pengaturan/page.tsx [Client Component SSR]
    ./src/app/admin/pengaturan/page.tsx [Server Component] @ http://localhost:3000/_next/static/chunks/node_modules_next_dist_0u_w_5s._.js:1945
[  392149ms] [ERROR] ./src/app/admin/pengaturan/page.tsx:427:7
Expected '</', got 'ident'
  425 |         </>
  426 |       )}
> 427 |     </div>
      |       ^^^
  428 |   );
  429 | }
  430 |

Parsing ecmascript source code failed

Import traces:
  Client Component Browser:
    ./src/app/admin/pengaturan/page.tsx [Client Component Browser]
    ./src/app/admin/pengaturan/page.tsx [Server Component]

  Client Component SSR:
    ./src/app/admin/pengaturan/page.tsx [Client Component SSR]
    ./src/app/admin/pengaturan/page.tsx [Server Component] @ http://localhost:3000/_next/static/chunks/node_modules_next_dist_0u_w_5s._.js:1945
[  392224ms] [ERROR] ./src/app/admin/pengaturan/page.tsx:427:7
Expected '</', got 'ident'
  425 |         </>
  426 |       )}
> 427 |     </div>
      |       ^^^
  428 |   );
  429 | }
  430 |

Parsing ecmascript source code failed

Import traces:
  Client Component Browser:
    ./src/app/admin/pengaturan/page.tsx [Client Component Browser]
    ./src/app/admin/pengaturan/page.tsx [Server Component]

  Client Component SSR:
    ./src/app/admin/pengaturan/page.tsx [Client Component SSR]
    ./src/app/admin/pengaturan/page.tsx [Server Component] @ http://localhost:3000/_next/static/chunks/node_modules_next_dist_0u_w_5s._.js:1945
[  392299ms] [ERROR] ./src/app/admin/pengaturan/page.tsx:427:7
Expected '</', got 'ident'
  425 |         </>
  426 |       )}
> 427 |     </div>
      |       ^^^
  428 |   );
  429 | }
  430 |

Parsing ecmascript source code failed

Import traces:
  Client Component Browser:
    ./src/app/admin/pengaturan/page.tsx [Client Component Browser]
    ./src/app/admin/pengaturan/page.tsx [Server Component]

  Client Component SSR:
    ./src/app/admin/pengaturan/page.tsx [Client Component SSR]
    ./src/app/admin/pengaturan/page.tsx [Server Component] @ http://localhost:3000/_next/static/chunks/node_modules_next_dist_0u_w_5s._.js:1945
[  392375ms] [ERROR] ./src/app/admin/pengaturan/page.tsx:427:7
Expected '</', got 'ident'
  425 |         </>
  426 |       )}
> 427 |     </div>
      |       ^^^
  428 |   );
  429 | }
  430 |

Parsing ecmascript source code failed

Import traces:
  Client Component Browser:
    ./src/app/admin/pengaturan/page.tsx [Client Component Browser]
    ./src/app/admin/pengaturan/page.tsx [Server Component]

  Client Component SSR:
    ./src/app/admin/pengaturan/page.tsx [Client Component SSR]
    ./src/app/admin/pengaturan/page.tsx [Server Component] @ http://localhost:3000/_next/static/chunks/node_modules_next_dist_0u_w_5s._.js:1945
[  392454ms] [ERROR] ./src/app/admin/pengaturan/page.tsx:427:7
Expected '</', got 'ident'
  425 |         </>
  426 |       )}
> 427 |     </div>
      |       ^^^
  428 |   );
  429 | }
  430 |

Parsing ecmascript source code failed

Import traces:
  Client Component Browser:
    ./src/app/admin/pengaturan/page.tsx [Client Component Browser]
    ./src/app/admin/pengaturan/page.tsx [Server Component]

  Client Component SSR:
    ./src/app/admin/pengaturan/page.tsx [Client Component SSR]
    ./src/app/admin/pengaturan/page.tsx [Server Component] @ http://localhost:3000/_next/static/chunks/node_modules_next_dist_0u_w_5s._.js:1945
[  392533ms] [ERROR] ./src/app/admin/pengaturan/page.tsx:427:7
Expected '</', got 'ident'
  425 |         </>
  426 |       )}
> 427 |     </div>
      |       ^^^
  428 |   );
  429 | }
  430 |

Parsing ecmascript source code failed

Import traces:
  Client Component Browser:
    ./src/app/admin/pengaturan/page.tsx [Client Component Browser]
    ./src/app/admin/pengaturan/page.tsx [Server Component]

  Client Component SSR:
    ./src/app/admin/pengaturan/page.tsx [Client Component SSR]
    ./src/app/admin/pengaturan/page.tsx [Server Component] @ http://localhost:3000/_next/static/chunks/node_modules_next_dist_0u_w_5s._.js:1945
[  392612ms] [ERROR] ./src/app/admin/pengaturan/page.tsx:427:7
Expected '</', got 'ident'
  425 |         </>
  426 |       )}
> 427 |     </div>
      |       ^^^
  428 |   );
  429 | }
  430 |

Parsing ecmascript source code failed

Import traces:
  Client Component Browser:
    ./src/app/admin/pengaturan/page.tsx [Client Component Browser]
    ./src/app/admin/pengaturan/page.tsx [Server Component]

  Client Component SSR:
    ./src/app/admin/pengaturan/page.tsx [Client Component SSR]
    ./src/app/admin/pengaturan/page.tsx [Server Component] @ http://localhost:3000/_next/static/chunks/node_modules_next_dist_0u_w_5s._.js:1945
[  392691ms] [ERROR] ./src/app/admin/pengaturan/page.tsx:427:7
Expected '</', got 'ident'
  425 |         </>
  426 |       )}
> 427 |     </div>
      |       ^^^
  428 |   );
  429 | }
  430 |

Parsing ecmascript source code failed

Import traces:
  Client Component Browser:
    ./src/app/admin/pengaturan/page.tsx [Client Component Browser]
    ./src/app/admin/pengaturan/page.tsx [Server Component]

  Client Component SSR:
    ./src/app/admin/pengaturan/page.tsx [Client Component SSR]
    ./src/app/admin/pengaturan/page.tsx [Server Component] @ http://localhost:3000/_next/static/chunks/node_modules_next_dist_0u_w_5s._.js:1945
[  392770ms] [ERROR] ./src/app/admin/pengaturan/page.tsx:427:7
Expected '</', got 'ident'
  425 |         </>
  426 |       )}
> 427 |     </div>
      |       ^^^
  428 |   );
  429 | }
  430 |

Parsing ecmascript source code failed

Import traces:
  Client Component Browser:
    ./src/app/admin/pengaturan/page.tsx [Client Component Browser]
    ./src/app/admin/pengaturan/page.tsx [Server Component]

  Client Component SSR:
    ./src/app/admin/pengaturan/page.tsx [Client Component SSR]
    ./src/app/admin/pengaturan/page.tsx [Server Component] @ http://localhost:3000/_next/static/chunks/node_modules_next_dist_0u_w_5s._.js:1945
[  392846ms] [ERROR] ./src/app/admin/pengaturan/page.tsx:427:7
Expected '</', got 'ident'
  425 |         </>
  426 |       )}
> 427 |     </div>
      |       ^^^
  428 |   );
  429 | }
  430 |

Parsing ecmascript source code failed

Import traces:
  Client Component Browser:
    ./src/app/admin/pengaturan/page.tsx [Client Component Browser]
    ./src/app/admin/pengaturan/page.tsx [Server Component]

  Client Component SSR:
    ./src/app/admin/pengaturan/page.tsx [Client Component SSR]
    ./src/app/admin/pengaturan/page.tsx [Server Component] @ http://localhost:3000/_next/static/chunks/node_modules_next_dist_0u_w_5s._.js:1945
[  392925ms] [ERROR] ./src/app/admin/pengaturan/page.tsx:427:7
Expected '</', got 'ident'
  425 |         </>
  426 |       )}
> 427 |     </div>
      |       ^^^
  428 |   );
  429 | }
  430 |

Parsing ecmascript source code failed

Import traces:
  Client Component Browser:
    ./src/app/admin/pengaturan/page.tsx [Client Component Browser]
    ./src/app/admin/pengaturan/page.tsx [Server Component]

  Client Component SSR:
    ./src/app/admin/pengaturan/page.tsx [Client Component SSR]
    ./src/app/admin/pengaturan/page.tsx [Server Component] @ http://localhost:3000/_next/static/chunks/node_modules_next_dist_0u_w_5s._.js:1945
[  393002ms] [ERROR] ./src/app/admin/pengaturan/page.tsx:427:7
Expected '</', got 'ident'
  425 |         </>
  426 |       )}
> 427 |     </div>
      |       ^^^
  428 |   );
  429 | }
  430 |

Parsing ecmascript source code failed

Import traces:
  Client Component Browser:
    ./src/app/admin/pengaturan/page.tsx [Client Component Browser]
    ./src/app/admin/pengaturan/page.tsx [Server Component]

  Client Component SSR:
    ./src/app/admin/pengaturan/page.tsx [Client Component SSR]
    ./src/app/admin/pengaturan/page.tsx [Server Component] @ http://localhost:3000/_next/static/chunks/node_modules_next_dist_0u_w_5s._.js:1945
[  393080ms] [ERROR] ./src/app/admin/pengaturan/page.tsx:427:7
Expected '</', got 'ident'
  425 |         </>
  426 |       )}
> 427 |     </div>
      |       ^^^
  428 |   );
  429 | }
  430 |

Parsing ecmascript source code failed

Import traces:
  Client Component Browser:
    ./src/app/admin/pengaturan/page.tsx [Client Component Browser]
    ./src/app/admin/pengaturan/page.tsx [Server Component]

  Client Component SSR:
    ./src/app/admin/pengaturan/page.tsx [Client Component SSR]
    ./src/app/admin/pengaturan/page.tsx [Server Component] @ http://localhost:3000/_next/static/chunks/node_modules_next_dist_0u_w_5s._.js:1945
[  393158ms] [ERROR] ./src/app/admin/pengaturan/page.tsx:427:7
Expected '</', got 'ident'
  425 |         </>
  426 |       )}
> 427 |     </div>
      |       ^^^
  428 |   );
  429 | }
  430 |

Parsing ecmascript source code failed

Import traces:
  Client Component Browser:
    ./src/app/admin/pengaturan/page.tsx [Client Component Browser]
    ./src/app/admin/pengaturan/page.tsx [Server Component]

  Client Component SSR:
    ./src/app/admin/pengaturan/page.tsx [Client Component SSR]
    ./src/app/admin/pengaturan/page.tsx [Server Component] @ http://localhost:3000/_next/static/chunks/node_modules_next_dist_0u_w_5s._.js:1945
[  393239ms] [ERROR] ./src/app/admin/pengaturan/page.tsx:427:7
Expected '</', got 'ident'
  425 |         </>
  426 |       )}
> 427 |     </div>
      |       ^^^
  428 |   );
  429 | }
  430 |

Parsing ecmascript source code failed

Import traces:
  Client Component Browser:
    ./src/app/admin/pengaturan/page.tsx [Client Component Browser]
    ./src/app/admin/pengaturan/page.tsx [Server Component]

  Client Component SSR:
    ./src/app/admin/pengaturan/page.tsx [Client Component SSR]
    ./src/app/admin/pengaturan/page.tsx [Server Component] @ http://localhost:3000/_next/static/chunks/node_modules_next_dist_0u_w_5s._.js:1945
[  393317ms] [ERROR] ./src/app/admin/pengaturan/page.tsx:427:7
Expected '</', got 'ident'
  425 |         </>
  426 |       )}
> 427 |     </div>
      |       ^^^
  428 |   );
  429 | }
  430 |

Parsing ecmascript source code failed

Import traces:
  Client Component Browser:
    ./src/app/admin/pengaturan/page.tsx [Client Component Browser]
    ./src/app/admin/pengaturan/page.tsx [Server Component]

  Client Component SSR:
    ./src/app/admin/pengaturan/page.tsx [Client Component SSR]
    ./src/app/admin/pengaturan/page.tsx [Server Component] @ http://localhost:3000/_next/static/chunks/node_modules_next_dist_0u_w_5s._.js:1945
[  393395ms] [ERROR] ./src/app/admin/pengaturan/page.tsx:427:7
Expected '</', got 'ident'
  425 |         </>
  426 |       )}
> 427 |     </div>
      |       ^^^
  428 |   );
  429 | }
  430 |

Parsing ecmascript source code failed

Import traces:
  Client Component Browser:
    ./src/app/admin/pengaturan/page.tsx [Client Component Browser]
    ./src/app/admin/pengaturan/page.tsx [Server Component]

  Client Component SSR:
    ./src/app/admin/pengaturan/page.tsx [Client Component SSR]
    ./src/app/admin/pengaturan/page.tsx [Server Component] @ http://localhost:3000/_next/static/chunks/node_modules_next_dist_0u_w_5s._.js:1945
[  393470ms] [ERROR] ./src/app/admin/pengaturan/page.tsx:427:7
Expected '</', got 'ident'
  425 |         </>
  426 |       )}
> 427 |     </div>
      |       ^^^
  428 |   );
  429 | }
  430 |

Parsing ecmascript source code failed

Import traces:
  Client Component Browser:
    ./src/app/admin/pengaturan/page.tsx [Client Component Browser]
    ./src/app/admin/pengaturan/page.tsx [Server Component]

  Client Component SSR:
    ./src/app/admin/pengaturan/page.tsx [Client Component SSR]
    ./src/app/admin/pengaturan/page.tsx [Server Component] @ http://localhost:3000/_next/static/chunks/node_modules_next_dist_0u_w_5s._.js:1945
[  393548ms] [ERROR] ./src/app/admin/pengaturan/page.tsx:427:7
Expected '</', got 'ident'
  425 |         </>
  426 |       )}
> 427 |     </div>
      |       ^^^
  428 |   );
  429 | }
  430 |

Parsing ecmascript source code failed

Import traces:
  Client Component Browser:
    ./src/app/admin/pengaturan/page.tsx [Client Component Browser]
    ./src/app/admin/pengaturan/page.tsx [Server Component]

  Client Component SSR:
    ./src/app/admin/pengaturan/page.tsx [Client Component SSR]
    ./src/app/admin/pengaturan/page.tsx [Server Component] @ http://localhost:3000/_next/static/chunks/node_modules_next_dist_0u_w_5s._.js:1945
[  393623ms] [ERROR] ./src/app/admin/pengaturan/page.tsx:427:7
Expected '</', got 'ident'
  425 |         </>
  426 |       )}
> 427 |     </div>
      |       ^^^
  428 |   );
  429 | }
  430 |

Parsing ecmascript source code failed

Import traces:
  Client Component Browser:
    ./src/app/admin/pengaturan/page.tsx [Client Component Browser]
    ./src/app/admin/pengaturan/page.tsx [Server Component]

  Client Component SSR:
    ./src/app/admin/pengaturan/page.tsx [Client Component SSR]
    ./src/app/admin/pengaturan/page.tsx [Server Component] @ http://localhost:3000/_next/static/chunks/node_modules_next_dist_0u_w_5s._.js:1945
[  393701ms] [ERROR] ./src/app/admin/pengaturan/page.tsx:427:7
Expected '</', got 'ident'
  425 |         </>
  426 |       )}
> 427 |     </div>
      |       ^^^
  428 |   );
  429 | }
  430 |

Parsing ecmascript source code failed

Import traces:
  Client Component Browser:
    ./src/app/admin/pengaturan/page.tsx [Client Component Browser]
    ./src/app/admin/pengaturan/page.tsx [Server Component]

  Client Component SSR:
    ./src/app/admin/pengaturan/page.tsx [Client Component SSR]
    ./src/app/admin/pengaturan/page.tsx [Server Component] @ http://localhost:3000/_next/static/chunks/node_modules_next_dist_0u_w_5s._.js:1945
[  393778ms] [ERROR] ./src/app/admin/pengaturan/page.tsx:427:7
Expected '</', got 'ident'
  425 |         </>
  426 |       )}
> 427 |     </div>
      |       ^^^
  428 |   );
  429 | }
  430 |

Parsing ecmascript source code failed

Import traces:
  Client Component Browser:
    ./src/app/admin/pengaturan/page.tsx [Client Component Browser]
    ./src/app/admin/pengaturan/page.tsx [Server Component]

  Client Component SSR:
    ./src/app/admin/pengaturan/page.tsx [Client Component SSR]
    ./src/app/admin/pengaturan/page.tsx [Server Component] @ http://localhost:3000/_next/static/chunks/node_modules_next_dist_0u_w_5s._.js:1945
[  393858ms] [ERROR] ./src/app/admin/pengaturan/page.tsx:427:7
Expected '</', got 'ident'
  425 |         </>
  426 |       )}
> 427 |     </div>
      |       ^^^
  428 |   );
  429 | }
  430 |

Parsing ecmascript source code failed

Import traces:
  Client Component Browser:
    ./src/app/admin/pengaturan/page.tsx [Client Component Browser]
    ./src/app/admin/pengaturan/page.tsx [Server Component]

  Client Component SSR:
    ./src/app/admin/pengaturan/page.tsx [Client Component SSR]
    ./src/app/admin/pengaturan/page.tsx [Server Component] @ http://localhost:3000/_next/static/chunks/node_modules_next_dist_0u_w_5s._.js:1945
[  393935ms] [ERROR] ./src/app/admin/pengaturan/page.tsx:427:7
Expected '</', got 'ident'
  425 |         </>
  426 |       )}
> 427 |     </div>
      |       ^^^
  428 |   );
  429 | }
  430 |

Parsing ecmascript source code failed

Import traces:
  Client Component Browser:
    ./src/app/admin/pengaturan/page.tsx [Client Component Browser]
    ./src/app/admin/pengaturan/page.tsx [Server Component]

  Client Component SSR:
    ./src/app/admin/pengaturan/page.tsx [Client Component SSR]
    ./src/app/admin/pengaturan/page.tsx [Server Component] @ http://localhost:3000/_next/static/chunks/node_modules_next_dist_0u_w_5s._.js:1945
[  394010ms] [ERROR] ./src/app/admin/pengaturan/page.tsx:427:7
Expected '</', got 'ident'
  425 |         </>
  426 |       )}
> 427 |     </div>
      |       ^^^
  428 |   );
  429 | }
  430 |

Parsing ecmascript source code failed

Import traces:
  Client Component Browser:
    ./src/app/admin/pengaturan/page.tsx [Client Component Browser]
    ./src/app/admin/pengaturan/page.tsx [Server Component]

  Client Component SSR:
    ./src/app/admin/pengaturan/page.tsx [Client Component SSR]
    ./src/app/admin/pengaturan/page.tsx [Server Component] @ http://localhost:3000/_next/static/chunks/node_modules_next_dist_0u_w_5s._.js:1945
[  394090ms] [ERROR] ./src/app/admin/pengaturan/page.tsx:427:7
Expected '</', got 'ident'
  425 |         </>
  426 |       )}
> 427 |     </div>
      |       ^^^
  428 |   );
  429 | }
  430 |

Parsing ecmascript source code failed

Import traces:
  Client Component Browser:
    ./src/app/admin/pengaturan/page.tsx [Client Component Browser]
    ./src/app/admin/pengaturan/page.tsx [Server Component]

  Client Component SSR:
    ./src/app/admin/pengaturan/page.tsx [Client Component SSR]
    ./src/app/admin/pengaturan/page.tsx [Server Component] @ http://localhost:3000/_next/static/chunks/node_modules_next_dist_0u_w_5s._.js:1945
[  394166ms] [ERROR] ./src/app/admin/pengaturan/page.tsx:427:7
Expected '</', got 'ident'
  425 |         </>
  426 |       )}
> 427 |     </div>
      |       ^^^
  428 |   );
  429 | }
  430 |

Parsing ecmascript source code failed

Import traces:
  Client Component Browser:
    ./src/app/admin/pengaturan/page.tsx [Client Component Browser]
    ./src/app/admin/pengaturan/page.tsx [Server Component]

  Client Component SSR:
    ./src/app/admin/pengaturan/page.tsx [Client Component SSR]
    ./src/app/admin/pengaturan/page.tsx [Server Component] @ http://localhost:3000/_next/static/chunks/node_modules_next_dist_0u_w_5s._.js:1945
[  394241ms] [ERROR] ./src/app/admin/pengaturan/page.tsx:427:7
Expected '</', got 'ident'
  425 |         </>
  426 |       )}
> 427 |     </div>
      |       ^^^
  428 |   );
  429 | }
  430 |

Parsing ecmascript source code failed

Import traces:
  Client Component Browser:
    ./src/app/admin/pengaturan/page.tsx [Client Component Browser]
    ./src/app/admin/pengaturan/page.tsx [Server Component]

  Client Component SSR:
    ./src/app/admin/pengaturan/page.tsx [Client Component SSR]
    ./src/app/admin/pengaturan/page.tsx [Server Component] @ http://localhost:3000/_next/static/chunks/node_modules_next_dist_0u_w_5s._.js:1945
[  394318ms] [ERROR] ./src/app/admin/pengaturan/page.tsx:427:7
Expected '</', got 'ident'
  425 |         </>
  426 |       )}
> 427 |     </div>
      |       ^^^
  428 |   );
  429 | }
  430 |

Parsing ecmascript source code failed

Import traces:
  Client Component Browser:
    ./src/app/admin/pengaturan/page.tsx [Client Component Browser]
    ./src/app/admin/pengaturan/page.tsx [Server Component]

  Client Component SSR:
    ./src/app/admin/pengaturan/page.tsx [Client Component SSR]
    ./src/app/admin/pengaturan/page.tsx [Server Component] @ http://localhost:3000/_next/static/chunks/node_modules_next_dist_0u_w_5s._.js:1945
[  394393ms] [ERROR] ./src/app/admin/pengaturan/page.tsx:427:7
Expected '</', got 'ident'
  425 |         </>
  426 |       )}
> 427 |     </div>
      |       ^^^
  428 |   );
  429 | }
  430 |

Parsing ecmascript source code failed

Import traces:
  Client Component Browser:
    ./src/app/admin/pengaturan/page.tsx [Client Component Browser]
    ./src/app/admin/pengaturan/page.tsx [Server Component]

  Client Component SSR:
    ./src/app/admin/pengaturan/page.tsx [Client Component SSR]
    ./src/app/admin/pengaturan/page.tsx [Server Component] @ http://localhost:3000/_next/static/chunks/node_modules_next_dist_0u_w_5s._.js:1945
[  394471ms] [ERROR] ./src/app/admin/pengaturan/page.tsx:427:7
Expected '</', got 'ident'
  425 |         </>
  426 |       )}
> 427 |     </div>
      |       ^^^
  428 |   );
  429 | }
  430 |

Parsing ecmascript source code failed

Import traces:
  Client Component Browser:
    ./src/app/admin/pengaturan/page.tsx [Client Component Browser]
    ./src/app/admin/pengaturan/page.tsx [Server Component]

  Client Component SSR:
    ./src/app/admin/pengaturan/page.tsx [Client Component SSR]
    ./src/app/admin/pengaturan/page.tsx [Server Component] @ http://localhost:3000/_next/static/chunks/node_modules_next_dist_0u_w_5s._.js:1945
[  394548ms] [ERROR] ./src/app/admin/pengaturan/page.tsx:427:7
Expected '</', got 'ident'
  425 |         </>
  426 |       )}
> 427 |     </div>
      |       ^^^
  428 |   );
  429 | }
  430 |

Parsing ecmascript source code failed

Import traces:
  Client Component Browser:
    ./src/app/admin/pengaturan/page.tsx [Client Component Browser]
    ./src/app/admin/pengaturan/page.tsx [Server Component]

  Client Component SSR:
    ./src/app/admin/pengaturan/page.tsx [Client Component SSR]
    ./src/app/admin/pengaturan/page.tsx [Server Component] @ http://localhost:3000/_next/static/chunks/node_modules_next_dist_0u_w_5s._.js:1945
[  394624ms] [ERROR] ./src/app/admin/pengaturan/page.tsx:427:7
Expected '</', got 'ident'
  425 |         </>
  426 |       )}
> 427 |     </div>
      |       ^^^
  428 |   );
  429 | }
  430 |

Parsing ecmascript source code failed

Import traces:
  Client Component Browser:
    ./src/app/admin/pengaturan/page.tsx [Client Component Browser]
    ./src/app/admin/pengaturan/page.tsx [Server Component]

  Client Component SSR:
    ./src/app/admin/pengaturan/page.tsx [Client Component SSR]
    ./src/app/admin/pengaturan/page.tsx [Server Component] @ http://localhost:3000/_next/static/chunks/node_modules_next_dist_0u_w_5s._.js:1945
[  394703ms] [ERROR] ./src/app/admin/pengaturan/page.tsx:427:7
Expected '</', got 'ident'
  425 |         </>
  426 |       )}
> 427 |     </div>
      |       ^^^
  428 |   );
  429 | }
  430 |

Parsing ecmascript source code failed

Import traces:
  Client Component Browser:
    ./src/app/admin/pengaturan/page.tsx [Client Component Browser]
    ./src/app/admin/pengaturan/page.tsx [Server Component]

  Client Component SSR:
    ./src/app/admin/pengaturan/page.tsx [Client Component SSR]
    ./src/app/admin/pengaturan/page.tsx [Server Component] @ http://localhost:3000/_next/static/chunks/node_modules_next_dist_0u_w_5s._.js:1945
[  394781ms] [ERROR] ./src/app/admin/pengaturan/page.tsx:427:7
Expected '</', got 'ident'
  425 |         </>
  426 |       )}
> 427 |     </div>
      |       ^^^
  428 |   );
  429 | }
  430 |

Parsing ecmascript source code failed

Import traces:
  Client Component Browser:
    ./src/app/admin/pengaturan/page.tsx [Client Component Browser]
    ./src/app/admin/pengaturan/page.tsx [Server Component]

  Client Component SSR:
    ./src/app/admin/pengaturan/page.tsx [Client Component SSR]
    ./src/app/admin/pengaturan/page.tsx [Server Component] @ http://localhost:3000/_next/static/chunks/node_modules_next_dist_0u_w_5s._.js:1945
[  394857ms] [ERROR] ./src/app/admin/pengaturan/page.tsx:427:7
Expected '</', got 'ident'
  425 |         </>
  426 |       )}
> 427 |     </div>
      |       ^^^
  428 |   );
  429 | }
  430 |

Parsing ecmascript source code failed

Import traces:
  Client Component Browser:
    ./src/app/admin/pengaturan/page.tsx [Client Component Browser]
    ./src/app/admin/pengaturan/page.tsx [Server Component]

  Client Component SSR:
    ./src/app/admin/pengaturan/page.tsx [Client Component SSR]
    ./src/app/admin/pengaturan/page.tsx [Server Component] @ http://localhost:3000/_next/static/chunks/node_modules_next_dist_0u_w_5s._.js:1945
[  394932ms] [ERROR] ./src/app/admin/pengaturan/page.tsx:427:7
Expected '</', got 'ident'
  425 |         </>
  426 |       )}
> 427 |     </div>
      |       ^^^
  428 |   );
  429 | }
  430 |

Parsing ecmascript source code failed

Import traces:
  Client Component Browser:
    ./src/app/admin/pengaturan/page.tsx [Client Component Browser]
    ./src/app/admin/pengaturan/page.tsx [Server Component]

  Client Component SSR:
    ./src/app/admin/pengaturan/page.tsx [Client Component SSR]
    ./src/app/admin/pengaturan/page.tsx [Server Component] @ http://localhost:3000/_next/static/chunks/node_modules_next_dist_0u_w_5s._.js:1945
[  395011ms] [ERROR] ./src/app/admin/pengaturan/page.tsx:427:7
Expected '</', got 'ident'
  425 |         </>
  426 |       )}
> 427 |     </div>
      |       ^^^
  428 |   );
  429 | }
  430 |

Parsing ecmascript source code failed

Import traces:
  Client Component Browser:
    ./src/app/admin/pengaturan/page.tsx [Client Component Browser]
    ./src/app/admin/pengaturan/page.tsx [Server Component]

  Client Component SSR:
    ./src/app/admin/pengaturan/page.tsx [Client Component SSR]
    ./src/app/admin/pengaturan/page.tsx [Server Component] @ http://localhost:3000/_next/static/chunks/node_modules_next_dist_0u_w_5s._.js:1945
[  395087ms] [ERROR] ./src/app/admin/pengaturan/page.tsx:427:7
Expected '</', got 'ident'
  425 |         </>
  426 |       )}
> 427 |     </div>
      |       ^^^
  428 |   );
  429 | }
  430 |

Parsing ecmascript source code failed

Import traces:
  Client Component Browser:
    ./src/app/admin/pengaturan/page.tsx [Client Component Browser]
    ./src/app/admin/pengaturan/page.tsx [Server Component]

  Client Component SSR:
    ./src/app/admin/pengaturan/page.tsx [Client Component SSR]
    ./src/app/admin/pengaturan/page.tsx [Server Component] @ http://localhost:3000/_next/static/chunks/node_modules_next_dist_0u_w_5s._.js:1945
[  395163ms] [ERROR] ./src/app/admin/pengaturan/page.tsx:427:7
Expected '</', got 'ident'
  425 |         </>
  426 |       )}
> 427 |     </div>
      |       ^^^
  428 |   );
  429 | }
  430 |

Parsing ecmascript source code failed

Import traces:
  Client Component Browser:
    ./src/app/admin/pengaturan/page.tsx [Client Component Browser]
    ./src/app/admin/pengaturan/page.tsx [Server Component]

  Client Component SSR:
    ./src/app/admin/pengaturan/page.tsx [Client Component SSR]
    ./src/app/admin/pengaturan/page.tsx [Server Component] @ http://localhost:3000/_next/static/chunks/node_modules_next_dist_0u_w_5s._.js:1945
[  395241ms] [ERROR] ./src/app/admin/pengaturan/page.tsx:427:7
Expected '</', got 'ident'
  425 |         </>
  426 |       )}
> 427 |     </div>
      |       ^^^
  428 |   );
  429 | }
  430 |

Parsing ecmascript source code failed

Import traces:
  Client Component Browser:
    ./src/app/admin/pengaturan/page.tsx [Client Component Browser]
    ./src/app/admin/pengaturan/page.tsx [Server Component]

  Client Component SSR:
    ./src/app/admin/pengaturan/page.tsx [Client Component SSR]
    ./src/app/admin/pengaturan/page.tsx [Server Component] @ http://localhost:3000/_next/static/chunks/node_modules_next_dist_0u_w_5s._.js:1945
[  395319ms] [ERROR] ./src/app/admin/pengaturan/page.tsx:427:7
Expected '</', got 'ident'
  425 |         </>
  426 |       )}
> 427 |     </div>
      |       ^^^
  428 |   );
  429 | }
  430 |

Parsing ecmascript source code failed

Import traces:
  Client Component Browser:
    ./src/app/admin/pengaturan/page.tsx [Client Component Browser]
    ./src/app/admin/pengaturan/page.tsx [Server Component]

  Client Component SSR:
    ./src/app/admin/pengaturan/page.tsx [Client Component SSR]
    ./src/app/admin/pengaturan/page.tsx [Server Component] @ http://localhost:3000/_next/static/chunks/node_modules_next_dist_0u_w_5s._.js:1945
[  395394ms] [ERROR] ./src/app/admin/pengaturan/page.tsx:427:7
Expected '</', got 'ident'
  425 |         </>
  426 |       )}
> 427 |     </div>
      |       ^^^
  428 |   );
  429 | }
  430 |

Parsing ecmascript source code failed

Import traces:
  Client Component Browser:
    ./src/app/admin/pengaturan/page.tsx [Client Component Browser]
    ./src/app/admin/pengaturan/page.tsx [Server Component]

  Client Component SSR:
    ./src/app/admin/pengaturan/page.tsx [Client Component SSR]
    ./src/app/admin/pengaturan/page.tsx [Server Component] @ http://localhost:3000/_next/static/chunks/node_modules_next_dist_0u_w_5s._.js:1945
[  395469ms] [ERROR] ./src/app/admin/pengaturan/page.tsx:427:7
Expected '</', got 'ident'
  425 |         </>
  426 |       )}
> 427 |     </div>
      |       ^^^
  428 |   );
  429 | }
  430 |

Parsing ecmascript source code failed

Import traces:
  Client Component Browser:
    ./src/app/admin/pengaturan/page.tsx [Client Component Browser]
    ./src/app/admin/pengaturan/page.tsx [Server Component]

  Client Component SSR:
    ./src/app/admin/pengaturan/page.tsx [Client Component SSR]
    ./src/app/admin/pengaturan/page.tsx [Server Component] @ http://localhost:3000/_next/static/chunks/node_modules_next_dist_0u_w_5s._.js:1945
[  395546ms] [ERROR] ./src/app/admin/pengaturan/page.tsx:427:7
Expected '</', got 'ident'
  425 |         </>
  426 |       )}
> 427 |     </div>
      |       ^^^
  428 |   );
  429 | }
  430 |

Parsing ecmascript source code failed

Import traces:
  Client Component Browser:
    ./src/app/admin/pengaturan/page.tsx [Client Component Browser]
    ./src/app/admin/pengaturan/page.tsx [Server Component]

  Client Component SSR:
    ./src/app/admin/pengaturan/page.tsx [Client Component SSR]
    ./src/app/admin/pengaturan/page.tsx [Server Component] @ http://localhost:3000/_next/static/chunks/node_modules_next_dist_0u_w_5s._.js:1945
[  395624ms] [ERROR] ./src/app/admin/pengaturan/page.tsx:427:7
Expected '</', got 'ident'
  425 |         </>
  426 |       )}
> 427 |     </div>
      |       ^^^
  428 |   );
  429 | }
  430 |

Parsing ecmascript source code failed

Import traces:
  Client Component Browser:
    ./src/app/admin/pengaturan/page.tsx [Client Component Browser]
    ./src/app/admin/pengaturan/page.tsx [Server Component]

  Client Component SSR:
    ./src/app/admin/pengaturan/page.tsx [Client Component SSR]
    ./src/app/admin/pengaturan/page.tsx [Server Component] @ http://localhost:3000/_next/static/chunks/node_modules_next_dist_0u_w_5s._.js:1945
[  395701ms] [ERROR] ./src/app/admin/pengaturan/page.tsx:427:7
Expected '</', got 'ident'
  425 |         </>
  426 |       )}
> 427 |     </div>
      |       ^^^
  428 |   );
  429 | }
  430 |

Parsing ecmascript source code failed

Import traces:
  Client Component Browser:
    ./src/app/admin/pengaturan/page.tsx [Client Component Browser]
    ./src/app/admin/pengaturan/page.tsx [Server Component]

  Client Component SSR:
    ./src/app/admin/pengaturan/page.tsx [Client Component SSR]
    ./src/app/admin/pengaturan/page.tsx [Server Component] @ http://localhost:3000/_next/static/chunks/node_modules_next_dist_0u_w_5s._.js:1945
[  395778ms] [ERROR] ./src/app/admin/pengaturan/page.tsx:427:7
Expected '</', got 'ident'
  425 |         </>
  426 |       )}
> 427 |     </div>
      |       ^^^
  428 |   );
  429 | }
  430 |

Parsing ecmascript source code failed

Import traces:
  Client Component Browser:
    ./src/app/admin/pengaturan/page.tsx [Client Component Browser]
    ./src/app/admin/pengaturan/page.tsx [Server Component]

  Client Component SSR:
    ./src/app/admin/pengaturan/page.tsx [Client Component SSR]
    ./src/app/admin/pengaturan/page.tsx [Server Component] @ http://localhost:3000/_next/static/chunks/node_modules_next_dist_0u_w_5s._.js:1945
[  395853ms] [ERROR] ./src/app/admin/pengaturan/page.tsx:427:7
Expected '</', got 'ident'
  425 |         </>
  426 |       )}
> 427 |     </div>
      |       ^^^
  428 |   );
  429 | }
  430 |

Parsing ecmascript source code failed

Import traces:
  Client Component Browser:
    ./src/app/admin/pengaturan/page.tsx [Client Component Browser]
    ./src/app/admin/pengaturan/page.tsx [Server Component]

  Client Component SSR:
    ./src/app/admin/pengaturan/page.tsx [Client Component SSR]
    ./src/app/admin/pengaturan/page.tsx [Server Component] @ http://localhost:3000/_next/static/chunks/node_modules_next_dist_0u_w_5s._.js:1945
[  395928ms] [ERROR] ./src/app/admin/pengaturan/page.tsx:427:7
Expected '</', got 'ident'
  425 |         </>
  426 |       )}
> 427 |     </div>
      |       ^^^
  428 |   );
  429 | }
  430 |

Parsing ecmascript source code failed

Import traces:
  Client Component Browser:
    ./src/app/admin/pengaturan/page.tsx [Client Component Browser]
    ./src/app/admin/pengaturan/page.tsx [Server Component]

  Client Component SSR:
    ./src/app/admin/pengaturan/page.tsx [Client Component SSR]
    ./src/app/admin/pengaturan/page.tsx [Server Component] @ http://localhost:3000/_next/static/chunks/node_modules_next_dist_0u_w_5s._.js:1945
[  396003ms] [ERROR] ./src/app/admin/pengaturan/page.tsx:427:7
Expected '</', got 'ident'
  425 |         </>
  426 |       )}
> 427 |     </div>
      |       ^^^
  428 |   );
  429 | }
  430 |

Parsing ecmascript source code failed

Import traces:
  Client Component Browser:
    ./src/app/admin/pengaturan/page.tsx [Client Component Browser]
    ./src/app/admin/pengaturan/page.tsx [Server Component]

  Client Component SSR:
    ./src/app/admin/pengaturan/page.tsx [Client Component SSR]
    ./src/app/admin/pengaturan/page.tsx [Server Component] @ http://localhost:3000/_next/static/chunks/node_modules_next_dist_0u_w_5s._.js:1945
[  396080ms] [ERROR] ./src/app/admin/pengaturan/page.tsx:427:7
Expected '</', got 'ident'
  425 |         </>
  426 |       )}
> 427 |     </div>
      |       ^^^
  428 |   );
  429 | }
  430 |

Parsing ecmascript source code failed

Import traces:
  Client Component Browser:
    ./src/app/admin/pengaturan/page.tsx [Client Component Browser]
    ./src/app/admin/pengaturan/page.tsx [Server Component]

  Client Component SSR:
    ./src/app/admin/pengaturan/page.tsx [Client Component SSR]
    ./src/app/admin/pengaturan/page.tsx [Server Component] @ http://localhost:3000/_next/static/chunks/node_modules_next_dist_0u_w_5s._.js:1945
[  396156ms] [ERROR] ./src/app/admin/pengaturan/page.tsx:427:7
Expected '</', got 'ident'
  425 |         </>
  426 |       )}
> 427 |     </div>
      |       ^^^
  428 |   );
  429 | }
  430 |

Parsing ecmascript source code failed

Import traces:
  Client Component Browser:
    ./src/app/admin/pengaturan/page.tsx [Client Component Browser]
    ./src/app/admin/pengaturan/page.tsx [Server Component]

  Client Component SSR:
    ./src/app/admin/pengaturan/page.tsx [Client Component SSR]
    ./src/app/admin/pengaturan/page.tsx [Server Component] @ http://localhost:3000/_next/static/chunks/node_modules_next_dist_0u_w_5s._.js:1945
[  396233ms] [ERROR] ./src/app/admin/pengaturan/page.tsx:427:7
Expected '</', got 'ident'
  425 |         </>
  426 |       )}
> 427 |     </div>
      |       ^^^
  428 |   );
  429 | }
  430 |

Parsing ecmascript source code failed

Import traces:
  Client Component Browser:
    ./src/app/admin/pengaturan/page.tsx [Client Component Browser]
    ./src/app/admin/pengaturan/page.tsx [Server Component]

  Client Component SSR:
    ./src/app/admin/pengaturan/page.tsx [Client Component SSR]
    ./src/app/admin/pengaturan/page.tsx [Server Component] @ http://localhost:3000/_next/static/chunks/node_modules_next_dist_0u_w_5s._.js:1945
[  396308ms] [ERROR] ./src/app/admin/pengaturan/page.tsx:427:7
Expected '</', got 'ident'
  425 |         </>
  426 |       )}
> 427 |     </div>
      |       ^^^
  428 |   );
  429 | }
  430 |

Parsing ecmascript source code failed

Import traces:
  Client Component Browser:
    ./src/app/admin/pengaturan/page.tsx [Client Component Browser]
    ./src/app/admin/pengaturan/page.tsx [Server Component]

  Client Component SSR:
    ./src/app/admin/pengaturan/page.tsx [Client Component SSR]
    ./src/app/admin/pengaturan/page.tsx [Server Component] @ http://localhost:3000/_next/static/chunks/node_modules_next_dist_0u_w_5s._.js:1945
[  396384ms] [ERROR] ./src/app/admin/pengaturan/page.tsx:427:7
Expected '</', got 'ident'
  425 |         </>
  426 |       )}
> 427 |     </div>
      |       ^^^
  428 |   );
  429 | }
  430 |

Parsing ecmascript source code failed

Import traces:
  Client Component Browser:
    ./src/app/admin/pengaturan/page.tsx [Client Component Browser]
    ./src/app/admin/pengaturan/page.tsx [Server Component]

  Client Component SSR:
    ./src/app/admin/pengaturan/page.tsx [Client Component SSR]
    ./src/app/admin/pengaturan/page.tsx [Server Component] @ http://localhost:3000/_next/static/chunks/node_modules_next_dist_0u_w_5s._.js:1945
[  396461ms] [ERROR] ./src/app/admin/pengaturan/page.tsx:427:7
Expected '</', got 'ident'
  425 |         </>
  426 |       )}
> 427 |     </div>
      |       ^^^
  428 |   );
  429 | }
  430 |

Parsing ecmascript source code failed

Import traces:
  Client Component Browser:
    ./src/app/admin/pengaturan/page.tsx [Client Component Browser]
    ./src/app/admin/pengaturan/page.tsx [Server Component]

  Client Component SSR:
    ./src/app/admin/pengaturan/page.tsx [Client Component SSR]
    ./src/app/admin/pengaturan/page.tsx [Server Component] @ http://localhost:3000/_next/static/chunks/node_modules_next_dist_0u_w_5s._.js:1945
[  396538ms] [ERROR] ./src/app/admin/pengaturan/page.tsx:427:7
Expected '</', got 'ident'
  425 |         </>
  426 |       )}
> 427 |     </div>
      |       ^^^
  428 |   );
  429 | }
  430 |

Parsing ecmascript source code failed

Import traces:
  Client Component Browser:
    ./src/app/admin/pengaturan/page.tsx [Client Component Browser]
    ./src/app/admin/pengaturan/page.tsx [Server Component]

  Client Component SSR:
    ./src/app/admin/pengaturan/page.tsx [Client Component SSR]
    ./src/app/admin/pengaturan/page.tsx [Server Component] @ http://localhost:3000/_next/static/chunks/node_modules_next_dist_0u_w_5s._.js:1945
[  396616ms] [ERROR] ./src/app/admin/pengaturan/page.tsx:427:7
Expected '</', got 'ident'
  425 |         </>
  426 |       )}
> 427 |     </div>
      |       ^^^
  428 |   );
  429 | }
  430 |

Parsing ecmascript source code failed

Import traces:
  Client Component Browser:
    ./src/app/admin/pengaturan/page.tsx [Client Component Browser]
    ./src/app/admin/pengaturan/page.tsx [Server Component]

  Client Component SSR:
    ./src/app/admin/pengaturan/page.tsx [Client Component SSR]
    ./src/app/admin/pengaturan/page.tsx [Server Component] @ http://localhost:3000/_next/static/chunks/node_modules_next_dist_0u_w_5s._.js:1945
[  396695ms] [ERROR] ./src/app/admin/pengaturan/page.tsx:427:7
Expected '</', got 'ident'
  425 |         </>
  426 |       )}
> 427 |     </div>
      |       ^^^
  428 |   );
  429 | }
  430 |

Parsing ecmascript source code failed

Import traces:
  Client Component Browser:
    ./src/app/admin/pengaturan/page.tsx [Client Component Browser]
    ./src/app/admin/pengaturan/page.tsx [Server Component]

  Client Component SSR:
    ./src/app/admin/pengaturan/page.tsx [Client Component SSR]
    ./src/app/admin/pengaturan/page.tsx [Server Component] @ http://localhost:3000/_next/static/chunks/node_modules_next_dist_0u_w_5s._.js:1945
[  396774ms] [ERROR] ./src/app/admin/pengaturan/page.tsx:427:7
Expected '</', got 'ident'
  425 |         </>
  426 |       )}
> 427 |     </div>
      |       ^^^
  428 |   );
  429 | }
  430 |

Parsing ecmascript source code failed

Import traces:
  Client Component Browser:
    ./src/app/admin/pengaturan/page.tsx [Client Component Browser]
    ./src/app/admin/pengaturan/page.tsx [Server Component]

  Client Component SSR:
    ./src/app/admin/pengaturan/page.tsx [Client Component SSR]
    ./src/app/admin/pengaturan/page.tsx [Server Component] @ http://localhost:3000/_next/static/chunks/node_modules_next_dist_0u_w_5s._.js:1945
[  396853ms] [ERROR] ./src/app/admin/pengaturan/page.tsx:427:7
Expected '</', got 'ident'
  425 |         </>
  426 |       )}
> 427 |     </div>
      |       ^^^
  428 |   );
  429 | }
  430 |

Parsing ecmascript source code failed

Import traces:
  Client Component Browser:
    ./src/app/admin/pengaturan/page.tsx [Client Component Browser]
    ./src/app/admin/pengaturan/page.tsx [Server Component]

  Client Component SSR:
    ./src/app/admin/pengaturan/page.tsx [Client Component SSR]
    ./src/app/admin/pengaturan/page.tsx [Server Component] @ http://localhost:3000/_next/static/chunks/node_modules_next_dist_0u_w_5s._.js:1945
[  396931ms] [ERROR] ./src/app/admin/pengaturan/page.tsx:427:7
Expected '</', got 'ident'
  425 |         </>
  426 |       )}
> 427 |     </div>
      |       ^^^
  428 |   );
  429 | }
  430 |

Parsing ecmascript source code failed

Import traces:
  Client Component Browser:
    ./src/app/admin/pengaturan/page.tsx [Client Component Browser]
    ./src/app/admin/pengaturan/page.tsx [Server Component]

  Client Component SSR:
    ./src/app/admin/pengaturan/page.tsx [Client Component SSR]
    ./src/app/admin/pengaturan/page.tsx [Server Component] @ http://localhost:3000/_next/static/chunks/node_modules_next_dist_0u_w_5s._.js:1945
[  397008ms] [ERROR] ./src/app/admin/pengaturan/page.tsx:427:7
Expected '</', got 'ident'
  425 |         </>
  426 |       )}
> 427 |     </div>
      |       ^^^
  428 |   );
  429 | }
  430 |

Parsing ecmascript source code failed

Import traces:
  Client Component Browser:
    ./src/app/admin/pengaturan/page.tsx [Client Component Browser]
    ./src/app/admin/pengaturan/page.tsx [Server Component]

  Client Component SSR:
    ./src/app/admin/pengaturan/page.tsx [Client Component SSR]
    ./src/app/admin/pengaturan/page.tsx [Server Component] @ http://localhost:3000/_next/static/chunks/node_modules_next_dist_0u_w_5s._.js:1945
[  397085ms] [ERROR] ./src/app/admin/pengaturan/page.tsx:427:7
Expected '</', got 'ident'
  425 |         </>
  426 |       )}
> 427 |     </div>
      |       ^^^
  428 |   );
  429 | }
  430 |

Parsing ecmascript source code failed

Import traces:
  Client Component Browser:
    ./src/app/admin/pengaturan/page.tsx [Client Component Browser]
    ./src/app/admin/pengaturan/page.tsx [Server Component]

  Client Component SSR:
    ./src/app/admin/pengaturan/page.tsx [Client Component SSR]
    ./src/app/admin/pengaturan/page.tsx [Server Component] @ http://localhost:3000/_next/static/chunks/node_modules_next_dist_0u_w_5s._.js:1945
[  397163ms] [ERROR] ./src/app/admin/pengaturan/page.tsx:427:7
Expected '</', got 'ident'
  425 |         </>
  426 |       )}
> 427 |     </div>
      |       ^^^
  428 |   );
  429 | }
  430 |

Parsing ecmascript source code failed

Import traces:
  Client Component Browser:
    ./src/app/admin/pengaturan/page.tsx [Client Component Browser]
    ./src/app/admin/pengaturan/page.tsx [Server Component]

  Client Component SSR:
    ./src/app/admin/pengaturan/page.tsx [Client Component SSR]
    ./src/app/admin/pengaturan/page.tsx [Server Component] @ http://localhost:3000/_next/static/chunks/node_modules_next_dist_0u_w_5s._.js:1945
[  397241ms] [ERROR] ./src/app/admin/pengaturan/page.tsx:427:7
Expected '</', got 'ident'
  425 |         </>
  426 |       )}
> 427 |     </div>
      |       ^^^
  428 |   );
  429 | }
  430 |

Parsing ecmascript source code failed

Import traces:
  Client Component Browser:
    ./src/app/admin/pengaturan/page.tsx [Client Component Browser]
    ./src/app/admin/pengaturan/page.tsx [Server Component]

  Client Component SSR:
    ./src/app/admin/pengaturan/page.tsx [Client Component SSR]
    ./src/app/admin/pengaturan/page.tsx [Server Component] @ http://localhost:3000/_next/static/chunks/node_modules_next_dist_0u_w_5s._.js:1945
[  397317ms] [ERROR] ./src/app/admin/pengaturan/page.tsx:427:7
Expected '</', got 'ident'
  425 |         </>
  426 |       )}
> 427 |     </div>
      |       ^^^
  428 |   );
  429 | }
  430 |

Parsing ecmascript source code failed

Import traces:
  Client Component Browser:
    ./src/app/admin/pengaturan/page.tsx [Client Component Browser]
    ./src/app/admin/pengaturan/page.tsx [Server Component]

  Client Component SSR:
    ./src/app/admin/pengaturan/page.tsx [Client Component SSR]
    ./src/app/admin/pengaturan/page.tsx [Server Component] @ http://localhost:3000/_next/static/chunks/node_modules_next_dist_0u_w_5s._.js:1945
[  397392ms] [ERROR] ./src/app/admin/pengaturan/page.tsx:427:7
Expected '</', got 'ident'
  425 |         </>
  426 |       )}
> 427 |     </div>
      |       ^^^
  428 |   );
  429 | }
  430 |

Parsing ecmascript source code failed

Import traces:
  Client Component Browser:
    ./src/app/admin/pengaturan/page.tsx [Client Component Browser]
    ./src/app/admin/pengaturan/page.tsx [Server Component]

  Client Component SSR:
    ./src/app/admin/pengaturan/page.tsx [Client Component SSR]
    ./src/app/admin/pengaturan/page.tsx [Server Component] @ http://localhost:3000/_next/static/chunks/node_modules_next_dist_0u_w_5s._.js:1945
[  397467ms] [ERROR] ./src/app/admin/pengaturan/page.tsx:427:7
Expected '</', got 'ident'
  425 |         </>
  426 |       )}
> 427 |     </div>
      |       ^^^
  428 |   );
  429 | }
  430 |

Parsing ecmascript source code failed

Import traces:
  Client Component Browser:
    ./src/app/admin/pengaturan/page.tsx [Client Component Browser]
    ./src/app/admin/pengaturan/page.tsx [Server Component]

  Client Component SSR:
    ./src/app/admin/pengaturan/page.tsx [Client Component SSR]
    ./src/app/admin/pengaturan/page.tsx [Server Component] @ http://localhost:3000/_next/static/chunks/node_modules_next_dist_0u_w_5s._.js:1945
[  397543ms] [ERROR] ./src/app/admin/pengaturan/page.tsx:427:7
Expected '</', got 'ident'
  425 |         </>
  426 |       )}
> 427 |     </div>
      |       ^^^
  428 |   );
  429 | }
  430 |

Parsing ecmascript source code failed

Import traces:
  Client Component Browser:
    ./src/app/admin/pengaturan/page.tsx [Client Component Browser]
    ./src/app/admin/pengaturan/page.tsx [Server Component]

  Client Component SSR:
    ./src/app/admin/pengaturan/page.tsx [Client Component SSR]
    ./src/app/admin/pengaturan/page.tsx [Server Component] @ http://localhost:3000/_next/static/chunks/node_modules_next_dist_0u_w_5s._.js:1945
[  397622ms] [ERROR] ./src/app/admin/pengaturan/page.tsx:427:7
Expected '</', got 'ident'
  425 |         </>
  426 |       )}
> 427 |     </div>
      |       ^^^
  428 |   );
  429 | }
  430 |

Parsing ecmascript source code failed

Import traces:
  Client Component Browser:
    ./src/app/admin/pengaturan/page.tsx [Client Component Browser]
    ./src/app/admin/pengaturan/page.tsx [Server Component]

  Client Component SSR:
    ./src/app/admin/pengaturan/page.tsx [Client Component SSR]
    ./src/app/admin/pengaturan/page.tsx [Server Component] @ http://localhost:3000/_next/static/chunks/node_modules_next_dist_0u_w_5s._.js:1945
[  397700ms] [ERROR] ./src/app/admin/pengaturan/page.tsx:427:7
Expected '</', got 'ident'
  425 |         </>
  426 |       )}
> 427 |     </div>
      |       ^^^
  428 |   );
  429 | }
  430 |

Parsing ecmascript source code failed

Import traces:
  Client Component Browser:
    ./src/app/admin/pengaturan/page.tsx [Client Component Browser]
    ./src/app/admin/pengaturan/page.tsx [Server Component]

  Client Component SSR:
    ./src/app/admin/pengaturan/page.tsx [Client Component SSR]
    ./src/app/admin/pengaturan/page.tsx [Server Component] @ http://localhost:3000/_next/static/chunks/node_modules_next_dist_0u_w_5s._.js:1945
[  397775ms] [ERROR] ./src/app/admin/pengaturan/page.tsx:427:7
Expected '</', got 'ident'
  425 |         </>
  426 |       )}
> 427 |     </div>
      |       ^^^
  428 |   );
  429 | }
  430 |

Parsing ecmascript source code failed

Import traces:
  Client Component Browser:
    ./src/app/admin/pengaturan/page.tsx [Client Component Browser]
    ./src/app/admin/pengaturan/page.tsx [Server Component]

  Client Component SSR:
    ./src/app/admin/pengaturan/page.tsx [Client Component SSR]
    ./src/app/admin/pengaturan/page.tsx [Server Component] @ http://localhost:3000/_next/static/chunks/node_modules_next_dist_0u_w_5s._.js:1945
[  397850ms] [ERROR] ./src/app/admin/pengaturan/page.tsx:427:7
Expected '</', got 'ident'
  425 |         </>
  426 |       )}
> 427 |     </div>
      |       ^^^
  428 |   );
  429 | }
  430 |

Parsing ecmascript source code failed

Import traces:
  Client Component Browser:
    ./src/app/admin/pengaturan/page.tsx [Client Component Browser]
    ./src/app/admin/pengaturan/page.tsx [Server Component]

  Client Component SSR:
    ./src/app/admin/pengaturan/page.tsx [Client Component SSR]
    ./src/app/admin/pengaturan/page.tsx [Server Component] @ http://localhost:3000/_next/static/chunks/node_modules_next_dist_0u_w_5s._.js:1945
[  397925ms] [ERROR] ./src/app/admin/pengaturan/page.tsx:427:7
Expected '</', got 'ident'
  425 |         </>
  426 |       )}
> 427 |     </div>
      |       ^^^
  428 |   );
  429 | }
  430 |

Parsing ecmascript source code failed

Import traces:
  Client Component Browser:
    ./src/app/admin/pengaturan/page.tsx [Client Component Browser]
    ./src/app/admin/pengaturan/page.tsx [Server Component]

  Client Component SSR:
    ./src/app/admin/pengaturan/page.tsx [Client Component SSR]
    ./src/app/admin/pengaturan/page.tsx [Server Component] @ http://localhost:3000/_next/static/chunks/node_modules_next_dist_0u_w_5s._.js:1945
[  398000ms] [ERROR] ./src/app/admin/pengaturan/page.tsx:427:7
Expected '</', got 'ident'
  425 |         </>
  426 |       )}
> 427 |     </div>
      |       ^^^
  428 |   );
  429 | }
  430 |

Parsing ecmascript source code failed

Import traces:
  Client Component Browser:
    ./src/app/admin/pengaturan/page.tsx [Client Component Browser]
    ./src/app/admin/pengaturan/page.tsx [Server Component]

  Client Component SSR:
    ./src/app/admin/pengaturan/page.tsx [Client Component SSR]
    ./src/app/admin/pengaturan/page.tsx [Server Component] @ http://localhost:3000/_next/static/chunks/node_modules_next_dist_0u_w_5s._.js:1945
[  398078ms] [ERROR] ./src/app/admin/pengaturan/page.tsx:427:7
Expected '</', got 'ident'
  425 |         </>
  426 |       )}
> 427 |     </div>
      |       ^^^
  428 |   );
  429 | }
  430 |

Parsing ecmascript source code failed

Import traces:
  Client Component Browser:
    ./src/app/admin/pengaturan/page.tsx [Client Component Browser]
    ./src/app/admin/pengaturan/page.tsx [Server Component]

  Client Component SSR:
    ./src/app/admin/pengaturan/page.tsx [Client Component SSR]
    ./src/app/admin/pengaturan/page.tsx [Server Component] @ http://localhost:3000/_next/static/chunks/node_modules_next_dist_0u_w_5s._.js:1945
[  398157ms] [ERROR] ./src/app/admin/pengaturan/page.tsx:427:7
Expected '</', got 'ident'
  425 |         </>
  426 |       )}
> 427 |     </div>
      |       ^^^
  428 |   );
  429 | }
  430 |

Parsing ecmascript source code failed

Import traces:
  Client Component Browser:
    ./src/app/admin/pengaturan/page.tsx [Client Component Browser]
    ./src/app/admin/pengaturan/page.tsx [Server Component]

  Client Component SSR:
    ./src/app/admin/pengaturan/page.tsx [Client Component SSR]
    ./src/app/admin/pengaturan/page.tsx [Server Component] @ http://localhost:3000/_next/static/chunks/node_modules_next_dist_0u_w_5s._.js:1945
[  398235ms] [ERROR] ./src/app/admin/pengaturan/page.tsx:427:7
Expected '</', got 'ident'
  425 |         </>
  426 |       )}
> 427 |     </div>
      |       ^^^
  428 |   );
  429 | }
  430 |

Parsing ecmascript source code failed

Import traces:
  Client Component Browser:
    ./src/app/admin/pengaturan/page.tsx [Client Component Browser]
    ./src/app/admin/pengaturan/page.tsx [Server Component]

  Client Component SSR:
    ./src/app/admin/pengaturan/page.tsx [Client Component SSR]
    ./src/app/admin/pengaturan/page.tsx [Server Component] @ http://localhost:3000/_next/static/chunks/node_modules_next_dist_0u_w_5s._.js:1945
[  398314ms] [ERROR] ./src/app/admin/pengaturan/page.tsx:427:7
Expected '</', got 'ident'
  425 |         </>
  426 |       )}
> 427 |     </div>
      |       ^^^
  428 |   );
  429 | }
  430 |

Parsing ecmascript source code failed

Import traces:
  Client Component Browser:
    ./src/app/admin/pengaturan/page.tsx [Client Component Browser]
    ./src/app/admin/pengaturan/page.tsx [Server Component]

  Client Component SSR:
    ./src/app/admin/pengaturan/page.tsx [Client Component SSR]
    ./src/app/admin/pengaturan/page.tsx [Server Component] @ http://localhost:3000/_next/static/chunks/node_modules_next_dist_0u_w_5s._.js:1945
[  398389ms] [ERROR] ./src/app/admin/pengaturan/page.tsx:427:7
Expected '</', got 'ident'
  425 |         </>
  426 |       )}
> 427 |     </div>
      |       ^^^
  428 |   );
  429 | }
  430 |

Parsing ecmascript source code failed

Import traces:
  Client Component Browser:
    ./src/app/admin/pengaturan/page.tsx [Client Component Browser]
    ./src/app/admin/pengaturan/page.tsx [Server Component]

  Client Component SSR:
    ./src/app/admin/pengaturan/page.tsx [Client Component SSR]
    ./src/app/admin/pengaturan/page.tsx [Server Component] @ http://localhost:3000/_next/static/chunks/node_modules_next_dist_0u_w_5s._.js:1945
[  398465ms] [ERROR] ./src/app/admin/pengaturan/page.tsx:427:7
Expected '</', got 'ident'
  425 |         </>
  426 |       )}
> 427 |     </div>
      |       ^^^
  428 |   );
  429 | }
  430 |

Parsing ecmascript source code failed

Import traces:
  Client Component Browser:
    ./src/app/admin/pengaturan/page.tsx [Client Component Browser]
    ./src/app/admin/pengaturan/page.tsx [Server Component]

  Client Component SSR:
    ./src/app/admin/pengaturan/page.tsx [Client Component SSR]
    ./src/app/admin/pengaturan/page.tsx [Server Component] @ http://localhost:3000/_next/static/chunks/node_modules_next_dist_0u_w_5s._.js:1945
[  398543ms] [ERROR] ./src/app/admin/pengaturan/page.tsx:427:7
Expected '</', got 'ident'
  425 |         </>
  426 |       )}
> 427 |     </div>
      |       ^^^
  428 |   );
  429 | }
  430 |

Parsing ecmascript source code failed

Import traces:
  Client Component Browser:
    ./src/app/admin/pengaturan/page.tsx [Client Component Browser]
    ./src/app/admin/pengaturan/page.tsx [Server Component]

  Client Component SSR:
    ./src/app/admin/pengaturan/page.tsx [Client Component SSR]
    ./src/app/admin/pengaturan/page.tsx [Server Component] @ http://localhost:3000/_next/static/chunks/node_modules_next_dist_0u_w_5s._.js:1945
[  398618ms] [ERROR] ./src/app/admin/pengaturan/page.tsx:427:7
Expected '</', got 'ident'
  425 |         </>
  426 |       )}
> 427 |     </div>
      |       ^^^
  428 |   );
  429 | }
  430 |

Parsing ecmascript source code failed

Import traces:
  Client Component Browser:
    ./src/app/admin/pengaturan/page.tsx [Client Component Browser]
    ./src/app/admin/pengaturan/page.tsx [Server Component]

  Client Component SSR:
    ./src/app/admin/pengaturan/page.tsx [Client Component SSR]
    ./src/app/admin/pengaturan/page.tsx [Server Component] @ http://localhost:3000/_next/static/chunks/node_modules_next_dist_0u_w_5s._.js:1945
[  398696ms] [ERROR] ./src/app/admin/pengaturan/page.tsx:427:7
Expected '</', got 'ident'
  425 |         </>
  426 |       )}
> 427 |     </div>
      |       ^^^
  428 |   );
  429 | }
  430 |

Parsing ecmascript source code failed

Import traces:
  Client Component Browser:
    ./src/app/admin/pengaturan/page.tsx [Client Component Browser]
    ./src/app/admin/pengaturan/page.tsx [Server Component]

  Client Component SSR:
    ./src/app/admin/pengaturan/page.tsx [Client Component SSR]
    ./src/app/admin/pengaturan/page.tsx [Server Component] @ http://localhost:3000/_next/static/chunks/node_modules_next_dist_0u_w_5s._.js:1945
[  398771ms] [ERROR] ./src/app/admin/pengaturan/page.tsx:427:7
Expected '</', got 'ident'
  425 |         </>
  426 |       )}
> 427 |     </div>
      |       ^^^
  428 |   );
  429 | }
  430 |

Parsing ecmascript source code failed

Import traces:
  Client Component Browser:
    ./src/app/admin/pengaturan/page.tsx [Client Component Browser]
    ./src/app/admin/pengaturan/page.tsx [Server Component]

  Client Component SSR:
    ./src/app/admin/pengaturan/page.tsx [Client Component SSR]
    ./src/app/admin/pengaturan/page.tsx [Server Component] @ http://localhost:3000/_next/static/chunks/node_modules_next_dist_0u_w_5s._.js:1945
[  398845ms] [ERROR] ./src/app/admin/pengaturan/page.tsx:427:7
Expected '</', got 'ident'
  425 |         </>
  426 |       )}
> 427 |     </div>
      |       ^^^
  428 |   );
  429 | }
  430 |

Parsing ecmascript source code failed

Import traces:
  Client Component Browser:
    ./src/app/admin/pengaturan/page.tsx [Client Component Browser]
    ./src/app/admin/pengaturan/page.tsx [Server Component]

  Client Component SSR:
    ./src/app/admin/pengaturan/page.tsx [Client Component SSR]
    ./src/app/admin/pengaturan/page.tsx [Server Component] @ http://localhost:3000/_next/static/chunks/node_modules_next_dist_0u_w_5s._.js:1945
[  398920ms] [ERROR] ./src/app/admin/pengaturan/page.tsx:427:7
Expected '</', got 'ident'
  425 |         </>
  426 |       )}
> 427 |     </div>
      |       ^^^
  428 |   );
  429 | }
  430 |

Parsing ecmascript source code failed

Import traces:
  Client Component Browser:
    ./src/app/admin/pengaturan/page.tsx [Client Component Browser]
    ./src/app/admin/pengaturan/page.tsx [Server Component]

  Client Component SSR:
    ./src/app/admin/pengaturan/page.tsx [Client Component SSR]
    ./src/app/admin/pengaturan/page.tsx [Server Component] @ http://localhost:3000/_next/static/chunks/node_modules_next_dist_0u_w_5s._.js:1945
[  398999ms] [ERROR] ./src/app/admin/pengaturan/page.tsx:427:7
Expected '</', got 'ident'
  425 |         </>
  426 |       )}
> 427 |     </div>
      |       ^^^
  428 |   );
  429 | }
  430 |

Parsing ecmascript source code failed

Import traces:
  Client Component Browser:
    ./src/app/admin/pengaturan/page.tsx [Client Component Browser]
    ./src/app/admin/pengaturan/page.tsx [Server Component]

  Client Component SSR:
    ./src/app/admin/pengaturan/page.tsx [Client Component SSR]
    ./src/app/admin/pengaturan/page.tsx [Server Component] @ http://localhost:3000/_next/static/chunks/node_modules_next_dist_0u_w_5s._.js:1945
[  399076ms] [ERROR] ./src/app/admin/pengaturan/page.tsx:427:7
Expected '</', got 'ident'
  425 |         </>
  426 |       )}
> 427 |     </div>
      |       ^^^
  428 |   );
  429 | }
  430 |

Parsing ecmascript source code failed

Import traces:
  Client Component Browser:
    ./src/app/admin/pengaturan/page.tsx [Client Component Browser]
    ./src/app/admin/pengaturan/page.tsx [Server Component]

  Client Component SSR:
    ./src/app/admin/pengaturan/page.tsx [Client Component SSR]
    ./src/app/admin/pengaturan/page.tsx [Server Component] @ http://localhost:3000/_next/static/chunks/node_modules_next_dist_0u_w_5s._.js:1945
[  399152ms] [ERROR] ./src/app/admin/pengaturan/page.tsx:427:7
Expected '</', got 'ident'
  425 |         </>
  426 |       )}
> 427 |     </div>
      |       ^^^
  428 |   );
  429 | }
  430 |

Parsing ecmascript source code failed

Import traces:
  Client Component Browser:
    ./src/app/admin/pengaturan/page.tsx [Client Component Browser]
    ./src/app/admin/pengaturan/page.tsx [Server Component]

  Client Component SSR:
    ./src/app/admin/pengaturan/page.tsx [Client Component SSR]
    ./src/app/admin/pengaturan/page.tsx [Server Component] @ http://localhost:3000/_next/static/chunks/node_modules_next_dist_0u_w_5s._.js:1945
[  399231ms] [ERROR] ./src/app/admin/pengaturan/page.tsx:427:7
Expected '</', got 'ident'
  425 |         </>
  426 |       )}
> 427 |     </div>
      |       ^^^
  428 |   );
  429 | }
  430 |

Parsing ecmascript source code failed

Import traces:
  Client Component Browser:
    ./src/app/admin/pengaturan/page.tsx [Client Component Browser]
    ./src/app/admin/pengaturan/page.tsx [Server Component]

  Client Component SSR:
    ./src/app/admin/pengaturan/page.tsx [Client Component SSR]
    ./src/app/admin/pengaturan/page.tsx [Server Component] @ http://localhost:3000/_next/static/chunks/node_modules_next_dist_0u_w_5s._.js:1945
[  399307ms] [ERROR] ./src/app/admin/pengaturan/page.tsx:427:7
Expected '</', got 'ident'
  425 |         </>
  426 |       )}
> 427 |     </div>
      |       ^^^
  428 |   );
  429 | }
  430 |

Parsing ecmascript source code failed

Import traces:
  Client Component Browser:
    ./src/app/admin/pengaturan/page.tsx [Client Component Browser]
    ./src/app/admin/pengaturan/page.tsx [Server Component]

  Client Component SSR:
    ./src/app/admin/pengaturan/page.tsx [Client Component SSR]
    ./src/app/admin/pengaturan/page.tsx [Server Component] @ http://localhost:3000/_next/static/chunks/node_modules_next_dist_0u_w_5s._.js:1945
[  399385ms] [ERROR] ./src/app/admin/pengaturan/page.tsx:427:7
Expected '</', got 'ident'
  425 |         </>
  426 |       )}
> 427 |     </div>
      |       ^^^
  428 |   );
  429 | }
  430 |

Parsing ecmascript source code failed

Import traces:
  Client Component Browser:
    ./src/app/admin/pengaturan/page.tsx [Client Component Browser]
    ./src/app/admin/pengaturan/page.tsx [Server Component]

  Client Component SSR:
    ./src/app/admin/pengaturan/page.tsx [Client Component SSR]
    ./src/app/admin/pengaturan/page.tsx [Server Component] @ http://localhost:3000/_next/static/chunks/node_modules_next_dist_0u_w_5s._.js:1945
[  399464ms] [ERROR] ./src/app/admin/pengaturan/page.tsx:427:7
Expected '</', got 'ident'
  425 |         </>
  426 |       )}
> 427 |     </div>
      |       ^^^
  428 |   );
  429 | }
  430 |

Parsing ecmascript source code failed

Import traces:
  Client Component Browser:
    ./src/app/admin/pengaturan/page.tsx [Client Component Browser]
    ./src/app/admin/pengaturan/page.tsx [Server Component]

  Client Component SSR:
    ./src/app/admin/pengaturan/page.tsx [Client Component SSR]
    ./src/app/admin/pengaturan/page.tsx [Server Component] @ http://localhost:3000/_next/static/chunks/node_modules_next_dist_0u_w_5s._.js:1945
[  399542ms] [ERROR] ./src/app/admin/pengaturan/page.tsx:427:7
Expected '</', got 'ident'
  425 |         </>
  426 |       )}
> 427 |     </div>
      |       ^^^
  428 |   );
  429 | }
  430 |

Parsing ecmascript source code failed

Import traces:
  Client Component Browser:
    ./src/app/admin/pengaturan/page.tsx [Client Component Browser]
    ./src/app/admin/pengaturan/page.tsx [Server Component]

  Client Component SSR:
    ./src/app/admin/pengaturan/page.tsx [Client Component SSR]
    ./src/app/admin/pengaturan/page.tsx [Server Component] @ http://localhost:3000/_next/static/chunks/node_modules_next_dist_0u_w_5s._.js:1945
[  399618ms] [ERROR] ./src/app/admin/pengaturan/page.tsx:427:7
Expected '</', got 'ident'
  425 |         </>
  426 |       )}
> 427 |     </div>
      |       ^^^
  428 |   );
  429 | }
  430 |

Parsing ecmascript source code failed

Import traces:
  Client Component Browser:
    ./src/app/admin/pengaturan/page.tsx [Client Component Browser]
    ./src/app/admin/pengaturan/page.tsx [Server Component]

  Client Component SSR:
    ./src/app/admin/pengaturan/page.tsx [Client Component SSR]
    ./src/app/admin/pengaturan/page.tsx [Server Component] @ http://localhost:3000/_next/static/chunks/node_modules_next_dist_0u_w_5s._.js:1945
[  399697ms] [ERROR] ./src/app/admin/pengaturan/page.tsx:427:7
Expected '</', got 'ident'
  425 |         </>
  426 |       )}
> 427 |     </div>
      |       ^^^
  428 |   );
  429 | }
  430 |

Parsing ecmascript source code failed

Import traces:
  Client Component Browser:
    ./src/app/admin/pengaturan/page.tsx [Client Component Browser]
    ./src/app/admin/pengaturan/page.tsx [Server Component]

  Client Component SSR:
    ./src/app/admin/pengaturan/page.tsx [Client Component SSR]
    ./src/app/admin/pengaturan/page.tsx [Server Component] @ http://localhost:3000/_next/static/chunks/node_modules_next_dist_0u_w_5s._.js:1945
[  399775ms] [ERROR] ./src/app/admin/pengaturan/page.tsx:427:7
Expected '</', got 'ident'
  425 |         </>
  426 |       )}
> 427 |     </div>
      |       ^^^
  428 |   );
  429 | }
  430 |

Parsing ecmascript source code failed

Import traces:
  Client Component Browser:
    ./src/app/admin/pengaturan/page.tsx [Client Component Browser]
    ./src/app/admin/pengaturan/page.tsx [Server Component]

  Client Component SSR:
    ./src/app/admin/pengaturan/page.tsx [Client Component SSR]
    ./src/app/admin/pengaturan/page.tsx [Server Component] @ http://localhost:3000/_next/static/chunks/node_modules_next_dist_0u_w_5s._.js:1945
[  399853ms] [ERROR] ./src/app/admin/pengaturan/page.tsx:427:7
Expected '</', got 'ident'
  425 |         </>
  426 |       )}
> 427 |     </div>
      |       ^^^
  428 |   );
  429 | }
  430 |

Parsing ecmascript source code failed

Import traces:
  Client Component Browser:
    ./src/app/admin/pengaturan/page.tsx [Client Component Browser]
    ./src/app/admin/pengaturan/page.tsx [Server Component]

  Client Component SSR:
    ./src/app/admin/pengaturan/page.tsx [Client Component SSR]
    ./src/app/admin/pengaturan/page.tsx [Server Component] @ http://localhost:3000/_next/static/chunks/node_modules_next_dist_0u_w_5s._.js:1945
[  399931ms] [ERROR] ./src/app/admin/pengaturan/page.tsx:427:7
Expected '</', got 'ident'
  425 |         </>
  426 |       )}
> 427 |     </div>
      |       ^^^
  428 |   );
  429 | }
  430 |

Parsing ecmascript source code failed

Import traces:
  Client Component Browser:
    ./src/app/admin/pengaturan/page.tsx [Client Component Browser]
    ./src/app/admin/pengaturan/page.tsx [Server Component]

  Client Component SSR:
    ./src/app/admin/pengaturan/page.tsx [Client Component SSR]
    ./src/app/admin/pengaturan/page.tsx [Server Component] @ http://localhost:3000/_next/static/chunks/node_modules_next_dist_0u_w_5s._.js:1945
[  400007ms] [ERROR] ./src/app/admin/pengaturan/page.tsx:427:7
Expected '</', got 'ident'
  425 |         </>
  426 |       )}
> 427 |     </div>
      |       ^^^
  428 |   );
  429 | }
  430 |

Parsing ecmascript source code failed

Import traces:
  Client Component Browser:
    ./src/app/admin/pengaturan/page.tsx [Client Component Browser]
    ./src/app/admin/pengaturan/page.tsx [Server Component]

  Client Component SSR:
    ./src/app/admin/pengaturan/page.tsx [Client Component SSR]
    ./src/app/admin/pengaturan/page.tsx [Server Component] @ http://localhost:3000/_next/static/chunks/node_modules_next_dist_0u_w_5s._.js:1945
[  400086ms] [ERROR] ./src/app/admin/pengaturan/page.tsx:427:7
Expected '</', got 'ident'
  425 |         </>
  426 |       )}
> 427 |     </div>
      |       ^^^
  428 |   );
  429 | }
  430 |

Parsing ecmascript source code failed

Import traces:
  Client Component Browser:
    ./src/app/admin/pengaturan/page.tsx [Client Component Browser]
    ./src/app/admin/pengaturan/page.tsx [Server Component]

  Client Component SSR:
    ./src/app/admin/pengaturan/page.tsx [Client Component SSR]
    ./src/app/admin/pengaturan/page.tsx [Server Component] @ http://localhost:3000/_next/static/chunks/node_modules_next_dist_0u_w_5s._.js:1945
[  400165ms] [ERROR] ./src/app/admin/pengaturan/page.tsx:427:7
Expected '</', got 'ident'
  425 |         </>
  426 |       )}
> 427 |     </div>
      |       ^^^
  428 |   );
  429 | }
  430 |

Parsing ecmascript source code failed

Import traces:
  Client Component Browser:
    ./src/app/admin/pengaturan/page.tsx [Client Component Browser]
    ./src/app/admin/pengaturan/page.tsx [Server Component]

  Client Component SSR:
    ./src/app/admin/pengaturan/page.tsx [Client Component SSR]
    ./src/app/admin/pengaturan/page.tsx [Server Component] @ http://localhost:3000/_next/static/chunks/node_modules_next_dist_0u_w_5s._.js:1945
[  400242ms] [ERROR] ./src/app/admin/pengaturan/page.tsx:427:7
Expected '</', got 'ident'
  425 |         </>
  426 |       )}
> 427 |     </div>
      |       ^^^
  428 |   );
  429 | }
  430 |

Parsing ecmascript source code failed

Import traces:
  Client Component Browser:
    ./src/app/admin/pengaturan/page.tsx [Client Component Browser]
    ./src/app/admin/pengaturan/page.tsx [Server Component]

  Client Component SSR:
    ./src/app/admin/pengaturan/page.tsx [Client Component SSR]
    ./src/app/admin/pengaturan/page.tsx [Server Component] @ http://localhost:3000/_next/static/chunks/node_modules_next_dist_0u_w_5s._.js:1945
[  400321ms] [ERROR] ./src/app/admin/pengaturan/page.tsx:427:7
Expected '</', got 'ident'
  425 |         </>
  426 |       )}
> 427 |     </div>
      |       ^^^
  428 |   );
  429 | }
  430 |

Parsing ecmascript source code failed

Import traces:
  Client Component Browser:
    ./src/app/admin/pengaturan/page.tsx [Client Component Browser]
    ./src/app/admin/pengaturan/page.tsx [Server Component]

  Client Component SSR:
    ./src/app/admin/pengaturan/page.tsx [Client Component SSR]
    ./src/app/admin/pengaturan/page.tsx [Server Component] @ http://localhost:3000/_next/static/chunks/node_modules_next_dist_0u_w_5s._.js:1945
[  400399ms] [ERROR] ./src/app/admin/pengaturan/page.tsx:427:7
Expected '</', got 'ident'
  425 |         </>
  426 |       )}
> 427 |     </div>
      |       ^^^
  428 |   );
  429 | }
  430 |

Parsing ecmascript source code failed

Import traces:
  Client Component Browser:
    ./src/app/admin/pengaturan/page.tsx [Client Component Browser]
    ./src/app/admin/pengaturan/page.tsx [Server Component]

  Client Component SSR:
    ./src/app/admin/pengaturan/page.tsx [Client Component SSR]
    ./src/app/admin/pengaturan/page.tsx [Server Component] @ http://localhost:3000/_next/static/chunks/node_modules_next_dist_0u_w_5s._.js:1945
[  400475ms] [ERROR] ./src/app/admin/pengaturan/page.tsx:427:7
Expected '</', got 'ident'
  425 |         </>
  426 |       )}
> 427 |     </div>
      |       ^^^
  428 |   );
  429 | }
  430 |

Parsing ecmascript source code failed

Import traces:
  Client Component Browser:
    ./src/app/admin/pengaturan/page.tsx [Client Component Browser]
    ./src/app/admin/pengaturan/page.tsx [Server Component]

  Client Component SSR:
    ./src/app/admin/pengaturan/page.tsx [Client Component SSR]
    ./src/app/admin/pengaturan/page.tsx [Server Component] @ http://localhost:3000/_next/static/chunks/node_modules_next_dist_0u_w_5s._.js:1945
[  400552ms] [ERROR] ./src/app/admin/pengaturan/page.tsx:427:7
Expected '</', got 'ident'
  425 |         </>
  426 |       )}
> 427 |     </div>
      |       ^^^
  428 |   );
  429 | }
  430 |

Parsing ecmascript source code failed

Import traces:
  Client Component Browser:
    ./src/app/admin/pengaturan/page.tsx [Client Component Browser]
    ./src/app/admin/pengaturan/page.tsx [Server Component]

  Client Component SSR:
    ./src/app/admin/pengaturan/page.tsx [Client Component SSR]
    ./src/app/admin/pengaturan/page.tsx [Server Component] @ http://localhost:3000/_next/static/chunks/node_modules_next_dist_0u_w_5s._.js:1945
[  400628ms] [ERROR] ./src/app/admin/pengaturan/page.tsx:427:7
Expected '</', got 'ident'
  425 |         </>
  426 |       )}
> 427 |     </div>
      |       ^^^
  428 |   );
  429 | }
  430 |

Parsing ecmascript source code failed

Import traces:
  Client Component Browser:
    ./src/app/admin/pengaturan/page.tsx [Client Component Browser]
    ./src/app/admin/pengaturan/page.tsx [Server Component]

  Client Component SSR:
    ./src/app/admin/pengaturan/page.tsx [Client Component SSR]
    ./src/app/admin/pengaturan/page.tsx [Server Component] @ http://localhost:3000/_next/static/chunks/node_modules_next_dist_0u_w_5s._.js:1945
[  400706ms] [ERROR] ./src/app/admin/pengaturan/page.tsx:427:7
Expected '</', got 'ident'
  425 |         </>
  426 |       )}
> 427 |     </div>
      |       ^^^
  428 |   );
  429 | }
  430 |

Parsing ecmascript source code failed

Import traces:
  Client Component Browser:
    ./src/app/admin/pengaturan/page.tsx [Client Component Browser]
    ./src/app/admin/pengaturan/page.tsx [Server Component]

  Client Component SSR:
    ./src/app/admin/pengaturan/page.tsx [Client Component SSR]
    ./src/app/admin/pengaturan/page.tsx [Server Component] @ http://localhost:3000/_next/static/chunks/node_modules_next_dist_0u_w_5s._.js:1945
[  400784ms] [ERROR] ./src/app/admin/pengaturan/page.tsx:427:7
Expected '</', got 'ident'
  425 |         </>
  426 |       )}
> 427 |     </div>
      |       ^^^
  428 |   );
  429 | }
  430 |

Parsing ecmascript source code failed

Import traces:
  Client Component Browser:
    ./src/app/admin/pengaturan/page.tsx [Client Component Browser]
    ./src/app/admin/pengaturan/page.tsx [Server Component]

  Client Component SSR:
    ./src/app/admin/pengaturan/page.tsx [Client Component SSR]
    ./src/app/admin/pengaturan/page.tsx [Server Component] @ http://localhost:3000/_next/static/chunks/node_modules_next_dist_0u_w_5s._.js:1945
[  400864ms] [ERROR] ./src/app/admin/pengaturan/page.tsx:427:7
Expected '</', got 'ident'
  425 |         </>
  426 |       )}
> 427 |     </div>
      |       ^^^
  428 |   );
  429 | }
  430 |

Parsing ecmascript source code failed

Import traces:
  Client Component Browser:
    ./src/app/admin/pengaturan/page.tsx [Client Component Browser]
    ./src/app/admin/pengaturan/page.tsx [Server Component]

  Client Component SSR:
    ./src/app/admin/pengaturan/page.tsx [Client Component SSR]
    ./src/app/admin/pengaturan/page.tsx [Server Component] @ http://localhost:3000/_next/static/chunks/node_modules_next_dist_0u_w_5s._.js:1945
[  400941ms] [ERROR] ./src/app/admin/pengaturan/page.tsx:427:7
Expected '</', got 'ident'
  425 |         </>
  426 |       )}
> 427 |     </div>
      |       ^^^
  428 |   );
  429 | }
  430 |

Parsing ecmascript source code failed

Import traces:
  Client Component Browser:
    ./src/app/admin/pengaturan/page.tsx [Client Component Browser]
    ./src/app/admin/pengaturan/page.tsx [Server Component]

  Client Component SSR:
    ./src/app/admin/pengaturan/page.tsx [Client Component SSR]
    ./src/app/admin/pengaturan/page.tsx [Server Component] @ http://localhost:3000/_next/static/chunks/node_modules_next_dist_0u_w_5s._.js:1945
[  401017ms] [ERROR] ./src/app/admin/pengaturan/page.tsx:427:7
Expected '</', got 'ident'
  425 |         </>
  426 |       )}
> 427 |     </div>
      |       ^^^
  428 |   );
  429 | }
  430 |

Parsing ecmascript source code failed

Import traces:
  Client Component Browser:
    ./src/app/admin/pengaturan/page.tsx [Client Component Browser]
    ./src/app/admin/pengaturan/page.tsx [Server Component]

  Client Component SSR:
    ./src/app/admin/pengaturan/page.tsx [Client Component SSR]
    ./src/app/admin/pengaturan/page.tsx [Server Component] @ http://localhost:3000/_next/static/chunks/node_modules_next_dist_0u_w_5s._.js:1945
[  401096ms] [ERROR] ./src/app/admin/pengaturan/page.tsx:427:7
Expected '</', got 'ident'
  425 |         </>
  426 |       )}
> 427 |     </div>
      |       ^^^
  428 |   );
  429 | }
  430 |

Parsing ecmascript source code failed

Import traces:
  Client Component Browser:
    ./src/app/admin/pengaturan/page.tsx [Client Component Browser]
    ./src/app/admin/pengaturan/page.tsx [Server Component]

  Client Component SSR:
    ./src/app/admin/pengaturan/page.tsx [Client Component SSR]
    ./src/app/admin/pengaturan/page.tsx [Server Component] @ http://localhost:3000/_next/static/chunks/node_modules_next_dist_0u_w_5s._.js:1945
[  401173ms] [ERROR] ./src/app/admin/pengaturan/page.tsx:427:7
Expected '</', got 'ident'
  425 |         </>
  426 |       )}
> 427 |     </div>
      |       ^^^
  428 |   );
  429 | }
  430 |

Parsing ecmascript source code failed

Import traces:
  Client Component Browser:
    ./src/app/admin/pengaturan/page.tsx [Client Component Browser]
    ./src/app/admin/pengaturan/page.tsx [Server Component]

  Client Component SSR:
    ./src/app/admin/pengaturan/page.tsx [Client Component SSR]
    ./src/app/admin/pengaturan/page.tsx [Server Component] @ http://localhost:3000/_next/static/chunks/node_modules_next_dist_0u_w_5s._.js:1945
[  401253ms] [ERROR] ./src/app/admin/pengaturan/page.tsx:427:7
Expected '</', got 'ident'
  425 |         </>
  426 |       )}
> 427 |     </div>
      |       ^^^
  428 |   );
  429 | }
  430 |

Parsing ecmascript source code failed

Import traces:
  Client Component Browser:
    ./src/app/admin/pengaturan/page.tsx [Client Component Browser]
    ./src/app/admin/pengaturan/page.tsx [Server Component]

  Client Component SSR:
    ./src/app/admin/pengaturan/page.tsx [Client Component SSR]
    ./src/app/admin/pengaturan/page.tsx [Server Component] @ http://localhost:3000/_next/static/chunks/node_modules_next_dist_0u_w_5s._.js:1945
[  401331ms] [ERROR] ./src/app/admin/pengaturan/page.tsx:427:7
Expected '</', got 'ident'
  425 |         </>
  426 |       )}
> 427 |     </div>
      |       ^^^
  428 |   );
  429 | }
  430 |

Parsing ecmascript source code failed

Import traces:
  Client Component Browser:
    ./src/app/admin/pengaturan/page.tsx [Client Component Browser]
    ./src/app/admin/pengaturan/page.tsx [Server Component]

  Client Component SSR:
    ./src/app/admin/pengaturan/page.tsx [Client Component SSR]
    ./src/app/admin/pengaturan/page.tsx [Server Component] @ http://localhost:3000/_next/static/chunks/node_modules_next_dist_0u_w_5s._.js:1945
[  401407ms] [ERROR] ./src/app/admin/pengaturan/page.tsx:427:7
Expected '</', got 'ident'
  425 |         </>
  426 |       )}
> 427 |     </div>
      |       ^^^
  428 |   );
  429 | }
  430 |

Parsing ecmascript source code failed

Import traces:
  Client Component Browser:
    ./src/app/admin/pengaturan/page.tsx [Client Component Browser]
    ./src/app/admin/pengaturan/page.tsx [Server Component]

  Client Component SSR:
    ./src/app/admin/pengaturan/page.tsx [Client Component SSR]
    ./src/app/admin/pengaturan/page.tsx [Server Component] @ http://localhost:3000/_next/static/chunks/node_modules_next_dist_0u_w_5s._.js:1945
[  401483ms] [ERROR] ./src/app/admin/pengaturan/page.tsx:427:7
Expected '</', got 'ident'
  425 |         </>
  426 |       )}
> 427 |     </div>
      |       ^^^
  428 |   );
  429 | }
  430 |

Parsing ecmascript source code failed

Import traces:
  Client Component Browser:
    ./src/app/admin/pengaturan/page.tsx [Client Component Browser]
    ./src/app/admin/pengaturan/page.tsx [Server Component]

  Client Component SSR:
    ./src/app/admin/pengaturan/page.tsx [Client Component SSR]
    ./src/app/admin/pengaturan/page.tsx [Server Component] @ http://localhost:3000/_next/static/chunks/node_modules_next_dist_0u_w_5s._.js:1945
[  401559ms] [ERROR] ./src/app/admin/pengaturan/page.tsx:427:7
Expected '</', got 'ident'
  425 |         </>
  426 |       )}
> 427 |     </div>
      |       ^^^
  428 |   );
  429 | }
  430 |

Parsing ecmascript source code failed

Import traces:
  Client Component Browser:
    ./src/app/admin/pengaturan/page.tsx [Client Component Browser]
    ./src/app/admin/pengaturan/page.tsx [Server Component]

  Client Component SSR:
    ./src/app/admin/pengaturan/page.tsx [Client Component SSR]
    ./src/app/admin/pengaturan/page.tsx [Server Component] @ http://localhost:3000/_next/static/chunks/node_modules_next_dist_0u_w_5s._.js:1945
[  401636ms] [ERROR] ./src/app/admin/pengaturan/page.tsx:427:7
Expected '</', got 'ident'
  425 |         </>
  426 |       )}
> 427 |     </div>
      |       ^^^
  428 |   );
  429 | }
  430 |

Parsing ecmascript source code failed

Import traces:
  Client Component Browser:
    ./src/app/admin/pengaturan/page.tsx [Client Component Browser]
    ./src/app/admin/pengaturan/page.tsx [Server Component]

  Client Component SSR:
    ./src/app/admin/pengaturan/page.tsx [Client Component SSR]
    ./src/app/admin/pengaturan/page.tsx [Server Component] @ http://localhost:3000/_next/static/chunks/node_modules_next_dist_0u_w_5s._.js:1945
[  401714ms] [ERROR] ./src/app/admin/pengaturan/page.tsx:427:7
Expected '</', got 'ident'
  425 |         </>
  426 |       )}
> 427 |     </div>
      |       ^^^
  428 |   );
  429 | }
  430 |

Parsing ecmascript source code failed

Import traces:
  Client Component Browser:
    ./src/app/admin/pengaturan/page.tsx [Client Component Browser]
    ./src/app/admin/pengaturan/page.tsx [Server Component]

  Client Component SSR:
    ./src/app/admin/pengaturan/page.tsx [Client Component SSR]
    ./src/app/admin/pengaturan/page.tsx [Server Component] @ http://localhost:3000/_next/static/chunks/node_modules_next_dist_0u_w_5s._.js:1945
[  401789ms] [ERROR] ./src/app/admin/pengaturan/page.tsx:427:7
Expected '</', got 'ident'
  425 |         </>
  426 |       )}
> 427 |     </div>
      |       ^^^
  428 |   );
  429 | }
  430 |

Parsing ecmascript source code failed

Import traces:
  Client Component Browser:
    ./src/app/admin/pengaturan/page.tsx [Client Component Browser]
    ./src/app/admin/pengaturan/page.tsx [Server Component]

  Client Component SSR:
    ./src/app/admin/pengaturan/page.tsx [Client Component SSR]
    ./src/app/admin/pengaturan/page.tsx [Server Component] @ http://localhost:3000/_next/static/chunks/node_modules_next_dist_0u_w_5s._.js:1945
[  401867ms] [ERROR] ./src/app/admin/pengaturan/page.tsx:427:7
Expected '</', got 'ident'
  425 |         </>
  426 |       )}
> 427 |     </div>
      |       ^^^
  428 |   );
  429 | }
  430 |

Parsing ecmascript source code failed

Import traces:
  Client Component Browser:
    ./src/app/admin/pengaturan/page.tsx [Client Component Browser]
    ./src/app/admin/pengaturan/page.tsx [Server Component]

  Client Component SSR:
    ./src/app/admin/pengaturan/page.tsx [Client Component SSR]
    ./src/app/admin/pengaturan/page.tsx [Server Component] @ http://localhost:3000/_next/static/chunks/node_modules_next_dist_0u_w_5s._.js:1945
[  401947ms] [ERROR] ./src/app/admin/pengaturan/page.tsx:427:7
Expected '</', got 'ident'
  425 |         </>
  426 |       )}
> 427 |     </div>
      |       ^^^
  428 |   );
  429 | }
  430 |

Parsing ecmascript source code failed

Import traces:
  Client Component Browser:
    ./src/app/admin/pengaturan/page.tsx [Client Component Browser]
    ./src/app/admin/pengaturan/page.tsx [Server Component]

  Client Component SSR:
    ./src/app/admin/pengaturan/page.tsx [Client Component SSR]
    ./src/app/admin/pengaturan/page.tsx [Server Component] @ http://localhost:3000/_next/static/chunks/node_modules_next_dist_0u_w_5s._.js:1945
[  402026ms] [ERROR] ./src/app/admin/pengaturan/page.tsx:427:7
Expected '</', got 'ident'
  425 |         </>
  426 |       )}
> 427 |     </div>
      |       ^^^
  428 |   );
  429 | }
  430 |

Parsing ecmascript source code failed

Import traces:
  Client Component Browser:
    ./src/app/admin/pengaturan/page.tsx [Client Component Browser]
    ./src/app/admin/pengaturan/page.tsx [Server Component]

  Client Component SSR:
    ./src/app/admin/pengaturan/page.tsx [Client Component SSR]
    ./src/app/admin/pengaturan/page.tsx [Server Component] @ http://localhost:3000/_next/static/chunks/node_modules_next_dist_0u_w_5s._.js:1945
[  402102ms] [ERROR] ./src/app/admin/pengaturan/page.tsx:427:7
Expected '</', got 'ident'
  425 |         </>
  426 |       )}
> 427 |     </div>
      |       ^^^
  428 |   );
  429 | }
  430 |

Parsing ecmascript source code failed

Import traces:
  Client Component Browser:
    ./src/app/admin/pengaturan/page.tsx [Client Component Browser]
    ./src/app/admin/pengaturan/page.tsx [Server Component]

  Client Component SSR:
    ./src/app/admin/pengaturan/page.tsx [Client Component SSR]
    ./src/app/admin/pengaturan/page.tsx [Server Component] @ http://localhost:3000/_next/static/chunks/node_modules_next_dist_0u_w_5s._.js:1945
[  402178ms] [ERROR] ./src/app/admin/pengaturan/page.tsx:427:7
Expected '</', got 'ident'
  425 |         </>
  426 |       )}
> 427 |     </div>
      |       ^^^
  428 |   );
  429 | }
  430 |

Parsing ecmascript source code failed

Import traces:
  Client Component Browser:
    ./src/app/admin/pengaturan/page.tsx [Client Component Browser]
    ./src/app/admin/pengaturan/page.tsx [Server Component]

  Client Component SSR:
    ./src/app/admin/pengaturan/page.tsx [Client Component SSR]
    ./src/app/admin/pengaturan/page.tsx [Server Component] @ http://localhost:3000/_next/static/chunks/node_modules_next_dist_0u_w_5s._.js:1945
[  402253ms] [ERROR] ./src/app/admin/pengaturan/page.tsx:427:7
Expected '</', got 'ident'
  425 |         </>
  426 |       )}
> 427 |     </div>
      |       ^^^
  428 |   );
  429 | }
  430 |

Parsing ecmascript source code failed

Import traces:
  Client Component Browser:
    ./src/app/admin/pengaturan/page.tsx [Client Component Browser]
    ./src/app/admin/pengaturan/page.tsx [Server Component]

  Client Component SSR:
    ./src/app/admin/pengaturan/page.tsx [Client Component SSR]
    ./src/app/admin/pengaturan/page.tsx [Server Component] @ http://localhost:3000/_next/static/chunks/node_modules_next_dist_0u_w_5s._.js:1945
[  402328ms] [ERROR] ./src/app/admin/pengaturan/page.tsx:427:7
Expected '</', got 'ident'
  425 |         </>
  426 |       )}
> 427 |     </div>
      |       ^^^
  428 |   );
  429 | }
  430 |

Parsing ecmascript source code failed

Import traces:
  Client Component Browser:
    ./src/app/admin/pengaturan/page.tsx [Client Component Browser]
    ./src/app/admin/pengaturan/page.tsx [Server Component]

  Client Component SSR:
    ./src/app/admin/pengaturan/page.tsx [Client Component SSR]
    ./src/app/admin/pengaturan/page.tsx [Server Component] @ http://localhost:3000/_next/static/chunks/node_modules_next_dist_0u_w_5s._.js:1945
[  402402ms] [ERROR] ./src/app/admin/pengaturan/page.tsx:427:7
Expected '</', got 'ident'
  425 |         </>
  426 |       )}
> 427 |     </div>
      |       ^^^
  428 |   );
  429 | }
  430 |

Parsing ecmascript source code failed

Import traces:
  Client Component Browser:
    ./src/app/admin/pengaturan/page.tsx [Client Component Browser]
    ./src/app/admin/pengaturan/page.tsx [Server Component]

  Client Component SSR:
    ./src/app/admin/pengaturan/page.tsx [Client Component SSR]
    ./src/app/admin/pengaturan/page.tsx [Server Component] @ http://localhost:3000/_next/static/chunks/node_modules_next_dist_0u_w_5s._.js:1945
[  402477ms] [ERROR] ./src/app/admin/pengaturan/page.tsx:427:7
Expected '</', got 'ident'
  425 |         </>
  426 |       )}
> 427 |     </div>
      |       ^^^
  428 |   );
  429 | }
  430 |

Parsing ecmascript source code failed

Import traces:
  Client Component Browser:
    ./src/app/admin/pengaturan/page.tsx [Client Component Browser]
    ./src/app/admin/pengaturan/page.tsx [Server Component]

  Client Component SSR:
    ./src/app/admin/pengaturan/page.tsx [Client Component SSR]
    ./src/app/admin/pengaturan/page.tsx [Server Component] @ http://localhost:3000/_next/static/chunks/node_modules_next_dist_0u_w_5s._.js:1945
[  402553ms] [ERROR] ./src/app/admin/pengaturan/page.tsx:427:7
Expected '</', got 'ident'
  425 |         </>
  426 |       )}
> 427 |     </div>
      |       ^^^
  428 |   );
  429 | }
  430 |

Parsing ecmascript source code failed

Import traces:
  Client Component Browser:
    ./src/app/admin/pengaturan/page.tsx [Client Component Browser]
    ./src/app/admin/pengaturan/page.tsx [Server Component]

  Client Component SSR:
    ./src/app/admin/pengaturan/page.tsx [Client Component SSR]
    ./src/app/admin/pengaturan/page.tsx [Server Component] @ http://localhost:3000/_next/static/chunks/node_modules_next_dist_0u_w_5s._.js:1945
[  402628ms] [ERROR] ./src/app/admin/pengaturan/page.tsx:427:7
Expected '</', got 'ident'
  425 |         </>
  426 |       )}
> 427 |     </div>
      |       ^^^
  428 |   );
  429 | }
  430 |

Parsing ecmascript source code failed

Import traces:
  Client Component Browser:
    ./src/app/admin/pengaturan/page.tsx [Client Component Browser]
    ./src/app/admin/pengaturan/page.tsx [Server Component]

  Client Component SSR:
    ./src/app/admin/pengaturan/page.tsx [Client Component SSR]
    ./src/app/admin/pengaturan/page.tsx [Server Component] @ http://localhost:3000/_next/static/chunks/node_modules_next_dist_0u_w_5s._.js:1945
[  402705ms] [ERROR] ./src/app/admin/pengaturan/page.tsx:427:7
Expected '</', got 'ident'
  425 |         </>
  426 |       )}
> 427 |     </div>
      |       ^^^
  428 |   );
  429 | }
  430 |

Parsing ecmascript source code failed

Import traces:
  Client Component Browser:
    ./src/app/admin/pengaturan/page.tsx [Client Component Browser]
    ./src/app/admin/pengaturan/page.tsx [Server Component]

  Client Component SSR:
    ./src/app/admin/pengaturan/page.tsx [Client Component SSR]
    ./src/app/admin/pengaturan/page.tsx [Server Component] @ http://localhost:3000/_next/static/chunks/node_modules_next_dist_0u_w_5s._.js:1945
[  402782ms] [ERROR] ./src/app/admin/pengaturan/page.tsx:427:7
Expected '</', got 'ident'
  425 |         </>
  426 |       )}
> 427 |     </div>
      |       ^^^
  428 |   );
  429 | }
  430 |

Parsing ecmascript source code failed

Import traces:
  Client Component Browser:
    ./src/app/admin/pengaturan/page.tsx [Client Component Browser]
    ./src/app/admin/pengaturan/page.tsx [Server Component]

  Client Component SSR:
    ./src/app/admin/pengaturan/page.tsx [Client Component SSR]
    ./src/app/admin/pengaturan/page.tsx [Server Component] @ http://localhost:3000/_next/static/chunks/node_modules_next_dist_0u_w_5s._.js:1945
[  402860ms] [ERROR] ./src/app/admin/pengaturan/page.tsx:427:7
Expected '</', got 'ident'
  425 |         </>
  426 |       )}
> 427 |     </div>
      |       ^^^
  428 |   );
  429 | }
  430 |

Parsing ecmascript source code failed

Import traces:
  Client Component Browser:
    ./src/app/admin/pengaturan/page.tsx [Client Component Browser]
    ./src/app/admin/pengaturan/page.tsx [Server Component]

  Client Component SSR:
    ./src/app/admin/pengaturan/page.tsx [Client Component SSR]
    ./src/app/admin/pengaturan/page.tsx [Server Component] @ http://localhost:3000/_next/static/chunks/node_modules_next_dist_0u_w_5s._.js:1945
[  402939ms] [ERROR] ./src/app/admin/pengaturan/page.tsx:427:7
Expected '</', got 'ident'
  425 |         </>
  426 |       )}
> 427 |     </div>
      |       ^^^
  428 |   );
  429 | }
  430 |

Parsing ecmascript source code failed

Import traces:
  Client Component Browser:
    ./src/app/admin/pengaturan/page.tsx [Client Component Browser]
    ./src/app/admin/pengaturan/page.tsx [Server Component]

  Client Component SSR:
    ./src/app/admin/pengaturan/page.tsx [Client Component SSR]
    ./src/app/admin/pengaturan/page.tsx [Server Component] @ http://localhost:3000/_next/static/chunks/node_modules_next_dist_0u_w_5s._.js:1945
[  403014ms] [ERROR] ./src/app/admin/pengaturan/page.tsx:427:7
Expected '</', got 'ident'
  425 |         </>
  426 |       )}
> 427 |     </div>
      |       ^^^
  428 |   );
  429 | }
  430 |

Parsing ecmascript source code failed

Import traces:
  Client Component Browser:
    ./src/app/admin/pengaturan/page.tsx [Client Component Browser]
    ./src/app/admin/pengaturan/page.tsx [Server Component]

  Client Component SSR:
    ./src/app/admin/pengaturan/page.tsx [Client Component SSR]
    ./src/app/admin/pengaturan/page.tsx [Server Component] @ http://localhost:3000/_next/static/chunks/node_modules_next_dist_0u_w_5s._.js:1945
[  403093ms] [ERROR] ./src/app/admin/pengaturan/page.tsx:427:7
Expected '</', got 'ident'
  425 |         </>
  426 |       )}
> 427 |     </div>
      |       ^^^
  428 |   );
  429 | }
  430 |

Parsing ecmascript source code failed

Import traces:
  Client Component Browser:
    ./src/app/admin/pengaturan/page.tsx [Client Component Browser]
    ./src/app/admin/pengaturan/page.tsx [Server Component]

  Client Component SSR:
    ./src/app/admin/pengaturan/page.tsx [Client Component SSR]
    ./src/app/admin/pengaturan/page.tsx [Server Component] @ http://localhost:3000/_next/static/chunks/node_modules_next_dist_0u_w_5s._.js:1945
[  403170ms] [ERROR] ./src/app/admin/pengaturan/page.tsx:427:7
Expected '</', got 'ident'
  425 |         </>
  426 |       )}
> 427 |     </div>
      |       ^^^
  428 |   );
  429 | }
  430 |

Parsing ecmascript source code failed

Import traces:
  Client Component Browser:
    ./src/app/admin/pengaturan/page.tsx [Client Component Browser]
    ./src/app/admin/pengaturan/page.tsx [Server Component]

  Client Component SSR:
    ./src/app/admin/pengaturan/page.tsx [Client Component SSR]
    ./src/app/admin/pengaturan/page.tsx [Server Component] @ http://localhost:3000/_next/static/chunks/node_modules_next_dist_0u_w_5s._.js:1945
[  403245ms] [ERROR] ./src/app/admin/pengaturan/page.tsx:427:7
Expected '</', got 'ident'
  425 |         </>
  426 |       )}
> 427 |     </div>
      |       ^^^
  428 |   );
  429 | }
  430 |

Parsing ecmascript source code failed

Import traces:
  Client Component Browser:
    ./src/app/admin/pengaturan/page.tsx [Client Component Browser]
    ./src/app/admin/pengaturan/page.tsx [Server Component]

  Client Component SSR:
    ./src/app/admin/pengaturan/page.tsx [Client Component SSR]
    ./src/app/admin/pengaturan/page.tsx [Server Component] @ http://localhost:3000/_next/static/chunks/node_modules_next_dist_0u_w_5s._.js:1945
[  403321ms] [ERROR] ./src/app/admin/pengaturan/page.tsx:427:7
Expected '</', got 'ident'
  425 |         </>
  426 |       )}
> 427 |     </div>
      |       ^^^
  428 |   );
  429 | }
  430 |

Parsing ecmascript source code failed

Import traces:
  Client Component Browser:
    ./src/app/admin/pengaturan/page.tsx [Client Component Browser]
    ./src/app/admin/pengaturan/page.tsx [Server Component]

  Client Component SSR:
    ./src/app/admin/pengaturan/page.tsx [Client Component SSR]
    ./src/app/admin/pengaturan/page.tsx [Server Component] @ http://localhost:3000/_next/static/chunks/node_modules_next_dist_0u_w_5s._.js:1945
[  403396ms] [ERROR] ./src/app/admin/pengaturan/page.tsx:427:7
Expected '</', got 'ident'
  425 |         </>
  426 |       )}
> 427 |     </div>
      |       ^^^
  428 |   );
  429 | }
  430 |

Parsing ecmascript source code failed

Import traces:
  Client Component Browser:
    ./src/app/admin/pengaturan/page.tsx [Client Component Browser]
    ./src/app/admin/pengaturan/page.tsx [Server Component]

  Client Component SSR:
    ./src/app/admin/pengaturan/page.tsx [Client Component SSR]
    ./src/app/admin/pengaturan/page.tsx [Server Component] @ http://localhost:3000/_next/static/chunks/node_modules_next_dist_0u_w_5s._.js:1945
[  403471ms] [ERROR] ./src/app/admin/pengaturan/page.tsx:427:7
Expected '</', got 'ident'
  425 |         </>
  426 |       )}
> 427 |     </div>
      |       ^^^
  428 |   );
  429 | }
  430 |

Parsing ecmascript source code failed

Import traces:
  Client Component Browser:
    ./src/app/admin/pengaturan/page.tsx [Client Component Browser]
    ./src/app/admin/pengaturan/page.tsx [Server Component]

  Client Component SSR:
    ./src/app/admin/pengaturan/page.tsx [Client Component SSR]
    ./src/app/admin/pengaturan/page.tsx [Server Component] @ http://localhost:3000/_next/static/chunks/node_modules_next_dist_0u_w_5s._.js:1945
[  403547ms] [ERROR] ./src/app/admin/pengaturan/page.tsx:427:7
Expected '</', got 'ident'
  425 |         </>
  426 |       )}
> 427 |     </div>
      |       ^^^
  428 |   );
  429 | }
  430 |

Parsing ecmascript source code failed

Import traces:
  Client Component Browser:
    ./src/app/admin/pengaturan/page.tsx [Client Component Browser]
    ./src/app/admin/pengaturan/page.tsx [Server Component]

  Client Component SSR:
    ./src/app/admin/pengaturan/page.tsx [Client Component SSR]
    ./src/app/admin/pengaturan/page.tsx [Server Component] @ http://localhost:3000/_next/static/chunks/node_modules_next_dist_0u_w_5s._.js:1945
[  403622ms] [ERROR] ./src/app/admin/pengaturan/page.tsx:427:7
Expected '</', got 'ident'
  425 |         </>
  426 |       )}
> 427 |     </div>
      |       ^^^
  428 |   );
  429 | }
  430 |

Parsing ecmascript source code failed

Import traces:
  Client Component Browser:
    ./src/app/admin/pengaturan/page.tsx [Client Component Browser]
    ./src/app/admin/pengaturan/page.tsx [Server Component]

  Client Component SSR:
    ./src/app/admin/pengaturan/page.tsx [Client Component SSR]
    ./src/app/admin/pengaturan/page.tsx [Server Component] @ http://localhost:3000/_next/static/chunks/node_modules_next_dist_0u_w_5s._.js:1945
[  403698ms] [ERROR] ./src/app/admin/pengaturan/page.tsx:427:7
Expected '</', got 'ident'
  425 |         </>
  426 |       )}
> 427 |     </div>
      |       ^^^
  428 |   );
  429 | }
  430 |

Parsing ecmascript source code failed

Import traces:
  Client Component Browser:
    ./src/app/admin/pengaturan/page.tsx [Client Component Browser]
    ./src/app/admin/pengaturan/page.tsx [Server Component]

  Client Component SSR:
    ./src/app/admin/pengaturan/page.tsx [Client Component SSR]
    ./src/app/admin/pengaturan/page.tsx [Server Component] @ http://localhost:3000/_next/static/chunks/node_modules_next_dist_0u_w_5s._.js:1945
[  403772ms] [ERROR] ./src/app/admin/pengaturan/page.tsx:427:7
Expected '</', got 'ident'
  425 |         </>
  426 |       )}
> 427 |     </div>
      |       ^^^
  428 |   );
  429 | }
  430 |

Parsing ecmascript source code failed

Import traces:
  Client Component Browser:
    ./src/app/admin/pengaturan/page.tsx [Client Component Browser]
    ./src/app/admin/pengaturan/page.tsx [Server Component]

  Client Component SSR:
    ./src/app/admin/pengaturan/page.tsx [Client Component SSR]
    ./src/app/admin/pengaturan/page.tsx [Server Component] @ http://localhost:3000/_next/static/chunks/node_modules_next_dist_0u_w_5s._.js:1945
[  403848ms] [ERROR] ./src/app/admin/pengaturan/page.tsx:427:7
Expected '</', got 'ident'
  425 |         </>
  426 |       )}
> 427 |     </div>
      |       ^^^
  428 |   );
  429 | }
  430 |

Parsing ecmascript source code failed

Import traces:
  Client Component Browser:
    ./src/app/admin/pengaturan/page.tsx [Client Component Browser]
    ./src/app/admin/pengaturan/page.tsx [Server Component]

  Client Component SSR:
    ./src/app/admin/pengaturan/page.tsx [Client Component SSR]
    ./src/app/admin/pengaturan/page.tsx [Server Component] @ http://localhost:3000/_next/static/chunks/node_modules_next_dist_0u_w_5s._.js:1945
[  403923ms] [ERROR] ./src/app/admin/pengaturan/page.tsx:427:7
Expected '</', got 'ident'
  425 |         </>
  426 |       )}
> 427 |     </div>
      |       ^^^
  428 |   );
  429 | }
  430 |

Parsing ecmascript source code failed

Import traces:
  Client Component Browser:
    ./src/app/admin/pengaturan/page.tsx [Client Component Browser]
    ./src/app/admin/pengaturan/page.tsx [Server Component]

  Client Component SSR:
    ./src/app/admin/pengaturan/page.tsx [Client Component SSR]
    ./src/app/admin/pengaturan/page.tsx [Server Component] @ http://localhost:3000/_next/static/chunks/node_modules_next_dist_0u_w_5s._.js:1945
[  404002ms] [ERROR] ./src/app/admin/pengaturan/page.tsx:427:7
Expected '</', got 'ident'
  425 |         </>
  426 |       )}
> 427 |     </div>
      |       ^^^
  428 |   );
  429 | }
  430 |

Parsing ecmascript source code failed

Import traces:
  Client Component Browser:
    ./src/app/admin/pengaturan/page.tsx [Client Component Browser]
    ./src/app/admin/pengaturan/page.tsx [Server Component]

  Client Component SSR:
    ./src/app/admin/pengaturan/page.tsx [Client Component SSR]
    ./src/app/admin/pengaturan/page.tsx [Server Component] @ http://localhost:3000/_next/static/chunks/node_modules_next_dist_0u_w_5s._.js:1945
[  404078ms] [ERROR] ./src/app/admin/pengaturan/page.tsx:427:7
Expected '</', got 'ident'
  425 |         </>
  426 |       )}
> 427 |     </div>
      |       ^^^
  428 |   );
  429 | }
  430 |

Parsing ecmascript source code failed

Import traces:
  Client Component Browser:
    ./src/app/admin/pengaturan/page.tsx [Client Component Browser]
    ./src/app/admin/pengaturan/page.tsx [Server Component]

  Client Component SSR:
    ./src/app/admin/pengaturan/page.tsx [Client Component SSR]
    ./src/app/admin/pengaturan/page.tsx [Server Component] @ http://localhost:3000/_next/static/chunks/node_modules_next_dist_0u_w_5s._.js:1945
[  404153ms] [ERROR] ./src/app/admin/pengaturan/page.tsx:427:7
Expected '</', got 'ident'
  425 |         </>
  426 |       )}
> 427 |     </div>
      |       ^^^
  428 |   );
  429 | }
  430 |

Parsing ecmascript source code failed

Import traces:
  Client Component Browser:
    ./src/app/admin/pengaturan/page.tsx [Client Component Browser]
    ./src/app/admin/pengaturan/page.tsx [Server Component]

  Client Component SSR:
    ./src/app/admin/pengaturan/page.tsx [Client Component SSR]
    ./src/app/admin/pengaturan/page.tsx [Server Component] @ http://localhost:3000/_next/static/chunks/node_modules_next_dist_0u_w_5s._.js:1945
[  404229ms] [ERROR] ./src/app/admin/pengaturan/page.tsx:427:7
Expected '</', got 'ident'
  425 |         </>
  426 |       )}
> 427 |     </div>
      |       ^^^
  428 |   );
  429 | }
  430 |

Parsing ecmascript source code failed

Import traces:
  Client Component Browser:
    ./src/app/admin/pengaturan/page.tsx [Client Component Browser]
    ./src/app/admin/pengaturan/page.tsx [Server Component]

  Client Component SSR:
    ./src/app/admin/pengaturan/page.tsx [Client Component SSR]
    ./src/app/admin/pengaturan/page.tsx [Server Component] @ http://localhost:3000/_next/static/chunks/node_modules_next_dist_0u_w_5s._.js:1945
[  404304ms] [ERROR] ./src/app/admin/pengaturan/page.tsx:427:7
Expected '</', got 'ident'
  425 |         </>
  426 |       )}
> 427 |     </div>
      |       ^^^
  428 |   );
  429 | }
  430 |

Parsing ecmascript source code failed

Import traces:
  Client Component Browser:
    ./src/app/admin/pengaturan/page.tsx [Client Component Browser]
    ./src/app/admin/pengaturan/page.tsx [Server Component]

  Client Component SSR:
    ./src/app/admin/pengaturan/page.tsx [Client Component SSR]
    ./src/app/admin/pengaturan/page.tsx [Server Component] @ http://localhost:3000/_next/static/chunks/node_modules_next_dist_0u_w_5s._.js:1945
[  404378ms] [ERROR] ./src/app/admin/pengaturan/page.tsx:427:7
Expected '</', got 'ident'
  425 |         </>
  426 |       )}
> 427 |     </div>
      |       ^^^
  428 |   );
  429 | }
  430 |

Parsing ecmascript source code failed

Import traces:
  Client Component Browser:
    ./src/app/admin/pengaturan/page.tsx [Client Component Browser]
    ./src/app/admin/pengaturan/page.tsx [Server Component]

  Client Component SSR:
    ./src/app/admin/pengaturan/page.tsx [Client Component SSR]
    ./src/app/admin/pengaturan/page.tsx [Server Component] @ http://localhost:3000/_next/static/chunks/node_modules_next_dist_0u_w_5s._.js:1945
[  404457ms] [ERROR] ./src/app/admin/pengaturan/page.tsx:427:7
Expected '</', got 'ident'
  425 |         </>
  426 |       )}
> 427 |     </div>
      |       ^^^
  428 |   );
  429 | }
  430 |

Parsing ecmascript source code failed

Import traces:
  Client Component Browser:
    ./src/app/admin/pengaturan/page.tsx [Client Component Browser]
    ./src/app/admin/pengaturan/page.tsx [Server Component]

  Client Component SSR:
    ./src/app/admin/pengaturan/page.tsx [Client Component SSR]
    ./src/app/admin/pengaturan/page.tsx [Server Component] @ http://localhost:3000/_next/static/chunks/node_modules_next_dist_0u_w_5s._.js:1945
[  404536ms] [ERROR] ./src/app/admin/pengaturan/page.tsx:427:7
Expected '</', got 'ident'
  425 |         </>
  426 |       )}
> 427 |     </div>
      |       ^^^
  428 |   );
  429 | }
  430 |

Parsing ecmascript source code failed

Import traces:
  Client Component Browser:
    ./src/app/admin/pengaturan/page.tsx [Client Component Browser]
    ./src/app/admin/pengaturan/page.tsx [Server Component]

  Client Component SSR:
    ./src/app/admin/pengaturan/page.tsx [Client Component SSR]
    ./src/app/admin/pengaturan/page.tsx [Server Component] @ http://localhost:3000/_next/static/chunks/node_modules_next_dist_0u_w_5s._.js:1945
[  404612ms] [ERROR] ./src/app/admin/pengaturan/page.tsx:427:7
Expected '</', got 'ident'
  425 |         </>
  426 |       )}
> 427 |     </div>
      |       ^^^
  428 |   );
  429 | }
  430 |

Parsing ecmascript source code failed

Import traces:
  Client Component Browser:
    ./src/app/admin/pengaturan/page.tsx [Client Component Browser]
    ./src/app/admin/pengaturan/page.tsx [Server Component]

  Client Component SSR:
    ./src/app/admin/pengaturan/page.tsx [Client Component SSR]
    ./src/app/admin/pengaturan/page.tsx [Server Component] @ http://localhost:3000/_next/static/chunks/node_modules_next_dist_0u_w_5s._.js:1945
[  404687ms] [ERROR] ./src/app/admin/pengaturan/page.tsx:427:7
Expected '</', got 'ident'
  425 |         </>
  426 |       )}
> 427 |     </div>
      |       ^^^
  428 |   );
  429 | }
  430 |

Parsing ecmascript source code failed

Import traces:
  Client Component Browser:
    ./src/app/admin/pengaturan/page.tsx [Client Component Browser]
    ./src/app/admin/pengaturan/page.tsx [Server Component]

  Client Component SSR:
    ./src/app/admin/pengaturan/page.tsx [Client Component SSR]
    ./src/app/admin/pengaturan/page.tsx [Server Component] @ http://localhost:3000/_next/static/chunks/node_modules_next_dist_0u_w_5s._.js:1945
[  404762ms] [ERROR] ./src/app/admin/pengaturan/page.tsx:427:7
Expected '</', got 'ident'
  425 |         </>
  426 |       )}
> 427 |     </div>
      |       ^^^
  428 |   );
  429 | }
  430 |

Parsing ecmascript source code failed

Import traces:
  Client Component Browser:
    ./src/app/admin/pengaturan/page.tsx [Client Component Browser]
    ./src/app/admin/pengaturan/page.tsx [Server Component]

  Client Component SSR:
    ./src/app/admin/pengaturan/page.tsx [Client Component SSR]
    ./src/app/admin/pengaturan/page.tsx [Server Component] @ http://localhost:3000/_next/static/chunks/node_modules_next_dist_0u_w_5s._.js:1945
[  404840ms] [ERROR] ./src/app/admin/pengaturan/page.tsx:427:7
Expected '</', got 'ident'
  425 |         </>
  426 |       )}
> 427 |     </div>
      |       ^^^
  428 |   );
  429 | }
  430 |

Parsing ecmascript source code failed

Import traces:
  Client Component Browser:
    ./src/app/admin/pengaturan/page.tsx [Client Component Browser]
    ./src/app/admin/pengaturan/page.tsx [Server Component]

  Client Component SSR:
    ./src/app/admin/pengaturan/page.tsx [Client Component SSR]
    ./src/app/admin/pengaturan/page.tsx [Server Component] @ http://localhost:3000/_next/static/chunks/node_modules_next_dist_0u_w_5s._.js:1945
[  404914ms] [ERROR] ./src/app/admin/pengaturan/page.tsx:427:7
Expected '</', got 'ident'
  425 |         </>
  426 |       )}
> 427 |     </div>
      |       ^^^
  428 |   );
  429 | }
  430 |

Parsing ecmascript source code failed

Import traces:
  Client Component Browser:
    ./src/app/admin/pengaturan/page.tsx [Client Component Browser]
    ./src/app/admin/pengaturan/page.tsx [Server Component]

  Client Component SSR:
    ./src/app/admin/pengaturan/page.tsx [Client Component SSR]
    ./src/app/admin/pengaturan/page.tsx [Server Component] @ http://localhost:3000/_next/static/chunks/node_modules_next_dist_0u_w_5s._.js:1945
[  404991ms] [ERROR] ./src/app/admin/pengaturan/page.tsx:427:7
Expected '</', got 'ident'
  425 |         </>
  426 |       )}
> 427 |     </div>
      |       ^^^
  428 |   );
  429 | }
  430 |

Parsing ecmascript source code failed

Import traces:
  Client Component Browser:
    ./src/app/admin/pengaturan/page.tsx [Client Component Browser]
    ./src/app/admin/pengaturan/page.tsx [Server Component]

  Client Component SSR:
    ./src/app/admin/pengaturan/page.tsx [Client Component SSR]
    ./src/app/admin/pengaturan/page.tsx [Server Component] @ http://localhost:3000/_next/static/chunks/node_modules_next_dist_0u_w_5s._.js:1945
[  405070ms] [ERROR] ./src/app/admin/pengaturan/page.tsx:427:7
Expected '</', got 'ident'
  425 |         </>
  426 |       )}
> 427 |     </div>
      |       ^^^
  428 |   );
  429 | }
  430 |

Parsing ecmascript source code failed

Import traces:
  Client Component Browser:
    ./src/app/admin/pengaturan/page.tsx [Client Component Browser]
    ./src/app/admin/pengaturan/page.tsx [Server Component]

  Client Component SSR:
    ./src/app/admin/pengaturan/page.tsx [Client Component SSR]
    ./src/app/admin/pengaturan/page.tsx [Server Component] @ http://localhost:3000/_next/static/chunks/node_modules_next_dist_0u_w_5s._.js:1945
[  405167ms] [ERROR] ./src/app/admin/pengaturan/page.tsx:427:7
Expected '</', got 'ident'
  425 |         </>
  426 |       )}
> 427 |     </div>
      |       ^^^
  428 |   );
  429 | }
  430 |

Parsing ecmascript source code failed

Import traces:
  Client Component Browser:
    ./src/app/admin/pengaturan/page.tsx [Client Component Browser]
    ./src/app/admin/pengaturan/page.tsx [Server Component]

  Client Component SSR:
    ./src/app/admin/pengaturan/page.tsx [Client Component SSR]
    ./src/app/admin/pengaturan/page.tsx [Server Component] @ http://localhost:3000/_next/static/chunks/node_modules_next_dist_0u_w_5s._.js:1945
[  405255ms] [ERROR] ./src/app/admin/pengaturan/page.tsx:427:7
Expected '</', got 'ident'
  425 |         </>
  426 |       )}
> 427 |     </div>
      |       ^^^
  428 |   );
  429 | }
  430 |

Parsing ecmascript source code failed

Import traces:
  Client Component Browser:
    ./src/app/admin/pengaturan/page.tsx [Client Component Browser]
    ./src/app/admin/pengaturan/page.tsx [Server Component]

  Client Component SSR:
    ./src/app/admin/pengaturan/page.tsx [Client Component SSR]
    ./src/app/admin/pengaturan/page.tsx [Server Component] @ http://localhost:3000/_next/static/chunks/node_modules_next_dist_0u_w_5s._.js:1945
[  405333ms] [ERROR] ./src/app/admin/pengaturan/page.tsx:427:7
Expected '</', got 'ident'
  425 |         </>
  426 |       )}
> 427 |     </div>
      |       ^^^
  428 |   );
  429 | }
  430 |

Parsing ecmascript source code failed

Import traces:
  Client Component Browser:
    ./src/app/admin/pengaturan/page.tsx [Client Component Browser]
    ./src/app/admin/pengaturan/page.tsx [Server Component]

  Client Component SSR:
    ./src/app/admin/pengaturan/page.tsx [Client Component SSR]
    ./src/app/admin/pengaturan/page.tsx [Server Component] @ http://localhost:3000/_next/static/chunks/node_modules_next_dist_0u_w_5s._.js:1945
[  405412ms] [ERROR] ./src/app/admin/pengaturan/page.tsx:427:7
Expected '</', got 'ident'
  425 |         </>
  426 |       )}
> 427 |     </div>
      |       ^^^
  428 |   );
  429 | }
  430 |

Parsing ecmascript source code failed

Import traces:
  Client Component Browser:
    ./src/app/admin/pengaturan/page.tsx [Client Component Browser]
    ./src/app/admin/pengaturan/page.tsx [Server Component]

  Client Component SSR:
    ./src/app/admin/pengaturan/page.tsx [Client Component SSR]
    ./src/app/admin/pengaturan/page.tsx [Server Component] @ http://localhost:3000/_next/static/chunks/node_modules_next_dist_0u_w_5s._.js:1945
[  405491ms] [ERROR] ./src/app/admin/pengaturan/page.tsx:427:7
Expected '</', got 'ident'
  425 |         </>
  426 |       )}
> 427 |     </div>
      |       ^^^
  428 |   );
  429 | }
  430 |

Parsing ecmascript source code failed

Import traces:
  Client Component Browser:
    ./src/app/admin/pengaturan/page.tsx [Client Component Browser]
    ./src/app/admin/pengaturan/page.tsx [Server Component]

  Client Component SSR:
    ./src/app/admin/pengaturan/page.tsx [Client Component SSR]
    ./src/app/admin/pengaturan/page.tsx [Server Component] @ http://localhost:3000/_next/static/chunks/node_modules_next_dist_0u_w_5s._.js:1945
[  405568ms] [ERROR] ./src/app/admin/pengaturan/page.tsx:427:7
Expected '</', got 'ident'
  425 |         </>
  426 |       )}
> 427 |     </div>
      |       ^^^
  428 |   );
  429 | }
  430 |

Parsing ecmascript source code failed

Import traces:
  Client Component Browser:
    ./src/app/admin/pengaturan/page.tsx [Client Component Browser]
    ./src/app/admin/pengaturan/page.tsx [Server Component]

  Client Component SSR:
    ./src/app/admin/pengaturan/page.tsx [Client Component SSR]
    ./src/app/admin/pengaturan/page.tsx [Server Component] @ http://localhost:3000/_next/static/chunks/node_modules_next_dist_0u_w_5s._.js:1945
[  405647ms] [ERROR] ./src/app/admin/pengaturan/page.tsx:427:7
Expected '</', got 'ident'
  425 |         </>
  426 |       )}
> 427 |     </div>
      |       ^^^
  428 |   );
  429 | }
  430 |

Parsing ecmascript source code failed

Import traces:
  Client Component Browser:
    ./src/app/admin/pengaturan/page.tsx [Client Component Browser]
    ./src/app/admin/pengaturan/page.tsx [Server Component]

  Client Component SSR:
    ./src/app/admin/pengaturan/page.tsx [Client Component SSR]
    ./src/app/admin/pengaturan/page.tsx [Server Component] @ http://localhost:3000/_next/static/chunks/node_modules_next_dist_0u_w_5s._.js:1945
[  405725ms] [ERROR] ./src/app/admin/pengaturan/page.tsx:427:7
Expected '</', got 'ident'
  425 |         </>
  426 |       )}
> 427 |     </div>
      |       ^^^
  428 |   );
  429 | }
  430 |

Parsing ecmascript source code failed

Import traces:
  Client Component Browser:
    ./src/app/admin/pengaturan/page.tsx [Client Component Browser]
    ./src/app/admin/pengaturan/page.tsx [Server Component]

  Client Component SSR:
    ./src/app/admin/pengaturan/page.tsx [Client Component SSR]
    ./src/app/admin/pengaturan/page.tsx [Server Component] @ http://localhost:3000/_next/static/chunks/node_modules_next_dist_0u_w_5s._.js:1945
[  405800ms] [ERROR] ./src/app/admin/pengaturan/page.tsx:427:7
Expected '</', got 'ident'
  425 |         </>
  426 |       )}
> 427 |     </div>
      |       ^^^
  428 |   );
  429 | }
  430 |

Parsing ecmascript source code failed

Import traces:
  Client Component Browser:
    ./src/app/admin/pengaturan/page.tsx [Client Component Browser]
    ./src/app/admin/pengaturan/page.tsx [Server Component]

  Client Component SSR:
    ./src/app/admin/pengaturan/page.tsx [Client Component SSR]
    ./src/app/admin/pengaturan/page.tsx [Server Component] @ http://localhost:3000/_next/static/chunks/node_modules_next_dist_0u_w_5s._.js:1945
[  405878ms] [ERROR] ./src/app/admin/pengaturan/page.tsx:427:7
Expected '</', got 'ident'
  425 |         </>
  426 |       )}
> 427 |     </div>
      |       ^^^
  428 |   );
  429 | }
  430 |

Parsing ecmascript source code failed

Import traces:
  Client Component Browser:
    ./src/app/admin/pengaturan/page.tsx [Client Component Browser]
    ./src/app/admin/pengaturan/page.tsx [Server Component]

  Client Component SSR:
    ./src/app/admin/pengaturan/page.tsx [Client Component SSR]
    ./src/app/admin/pengaturan/page.tsx [Server Component] @ http://localhost:3000/_next/static/chunks/node_modules_next_dist_0u_w_5s._.js:1945
[  405956ms] [ERROR] ./src/app/admin/pengaturan/page.tsx:427:7
Expected '</', got 'ident'
  425 |         </>
  426 |       )}
> 427 |     </div>
      |       ^^^
  428 |   );
  429 | }
  430 |

Parsing ecmascript source code failed

Import traces:
  Client Component Browser:
    ./src/app/admin/pengaturan/page.tsx [Client Component Browser]
    ./src/app/admin/pengaturan/page.tsx [Server Component]

  Client Component SSR:
    ./src/app/admin/pengaturan/page.tsx [Client Component SSR]
    ./src/app/admin/pengaturan/page.tsx [Server Component] @ http://localhost:3000/_next/static/chunks/node_modules_next_dist_0u_w_5s._.js:1945
[  406033ms] [ERROR] ./src/app/admin/pengaturan/page.tsx:427:7
Expected '</', got 'ident'
  425 |         </>
  426 |       )}
> 427 |     </div>
      |       ^^^
  428 |   );
  429 | }
  430 |

Parsing ecmascript source code failed

Import traces:
  Client Component Browser:
    ./src/app/admin/pengaturan/page.tsx [Client Component Browser]
    ./src/app/admin/pengaturan/page.tsx [Server Component]

  Client Component SSR:
    ./src/app/admin/pengaturan/page.tsx [Client Component SSR]
    ./src/app/admin/pengaturan/page.tsx [Server Component] @ http://localhost:3000/_next/static/chunks/node_modules_next_dist_0u_w_5s._.js:1945
[  406111ms] [ERROR] ./src/app/admin/pengaturan/page.tsx:427:7
Expected '</', got 'ident'
  425 |         </>
  426 |       )}
> 427 |     </div>
      |       ^^^
  428 |   );
  429 | }
  430 |

Parsing ecmascript source code failed

Import traces:
  Client Component Browser:
    ./src/app/admin/pengaturan/page.tsx [Client Component Browser]
    ./src/app/admin/pengaturan/page.tsx [Server Component]

  Client Component SSR:
    ./src/app/admin/pengaturan/page.tsx [Client Component SSR]
    ./src/app/admin/pengaturan/page.tsx [Server Component] @ http://localhost:3000/_next/static/chunks/node_modules_next_dist_0u_w_5s._.js:1945
[  406188ms] [ERROR] ./src/app/admin/pengaturan/page.tsx:427:7
Expected '</', got 'ident'
  425 |         </>
  426 |       )}
> 427 |     </div>
      |       ^^^
  428 |   );
  429 | }
  430 |

Parsing ecmascript source code failed

Import traces:
  Client Component Browser:
    ./src/app/admin/pengaturan/page.tsx [Client Component Browser]
    ./src/app/admin/pengaturan/page.tsx [Server Component]

  Client Component SSR:
    ./src/app/admin/pengaturan/page.tsx [Client Component SSR]
    ./src/app/admin/pengaturan/page.tsx [Server Component] @ http://localhost:3000/_next/static/chunks/node_modules_next_dist_0u_w_5s._.js:1945
[  406263ms] [ERROR] ./src/app/admin/pengaturan/page.tsx:427:7
Expected '</', got 'ident'
  425 |         </>
  426 |       )}
> 427 |     </div>
      |       ^^^
  428 |   );
  429 | }
  430 |

Parsing ecmascript source code failed

Import traces:
  Client Component Browser:
    ./src/app/admin/pengaturan/page.tsx [Client Component Browser]
    ./src/app/admin/pengaturan/page.tsx [Server Component]

  Client Component SSR:
    ./src/app/admin/pengaturan/page.tsx [Client Component SSR]
    ./src/app/admin/pengaturan/page.tsx [Server Component] @ http://localhost:3000/_next/static/chunks/node_modules_next_dist_0u_w_5s._.js:1945
[  406339ms] [ERROR] ./src/app/admin/pengaturan/page.tsx:427:7
Expected '</', got 'ident'
  425 |         </>
  426 |       )}
> 427 |     </div>
      |       ^^^
  428 |   );
  429 | }
  430 |

Parsing ecmascript source code failed

Import traces:
  Client Component Browser:
    ./src/app/admin/pengaturan/page.tsx [Client Component Browser]
    ./src/app/admin/pengaturan/page.tsx [Server Component]

  Client Component SSR:
    ./src/app/admin/pengaturan/page.tsx [Client Component SSR]
    ./src/app/admin/pengaturan/page.tsx [Server Component] @ http://localhost:3000/_next/static/chunks/node_modules_next_dist_0u_w_5s._.js:1945
[  406429ms] [ERROR] ./src/app/admin/pengaturan/page.tsx:427:7
Expected '</', got 'ident'
  425 |         </>
  426 |       )}
> 427 |     </div>
      |       ^^^
  428 |   );
  429 | }
  430 |

Parsing ecmascript source code failed

Import traces:
  Client Component Browser:
    ./src/app/admin/pengaturan/page.tsx [Client Component Browser]
    ./src/app/admin/pengaturan/page.tsx [Server Component]

  Client Component SSR:
    ./src/app/admin/pengaturan/page.tsx [Client Component SSR]
    ./src/app/admin/pengaturan/page.tsx [Server Component] @ http://localhost:3000/_next/static/chunks/node_modules_next_dist_0u_w_5s._.js:1945
[  406506ms] [ERROR] ./src/app/admin/pengaturan/page.tsx:427:7
Expected '</', got 'ident'
  425 |         </>
  426 |       )}
> 427 |     </div>
      |       ^^^
  428 |   );
  429 | }
  430 |

Parsing ecmascript source code failed

Import traces:
  Client Component Browser:
    ./src/app/admin/pengaturan/page.tsx [Client Component Browser]
    ./src/app/admin/pengaturan/page.tsx [Server Component]

  Client Component SSR:
    ./src/app/admin/pengaturan/page.tsx [Client Component SSR]
    ./src/app/admin/pengaturan/page.tsx [Server Component] @ http://localhost:3000/_next/static/chunks/node_modules_next_dist_0u_w_5s._.js:1945
[  406583ms] [ERROR] ./src/app/admin/pengaturan/page.tsx:427:7
Expected '</', got 'ident'
  425 |         </>
  426 |       )}
> 427 |     </div>
      |       ^^^
  428 |   );
  429 | }
  430 |

Parsing ecmascript source code failed

Import traces:
  Client Component Browser:
    ./src/app/admin/pengaturan/page.tsx [Client Component Browser]
    ./src/app/admin/pengaturan/page.tsx [Server Component]

  Client Component SSR:
    ./src/app/admin/pengaturan/page.tsx [Client Component SSR]
    ./src/app/admin/pengaturan/page.tsx [Server Component] @ http://localhost:3000/_next/static/chunks/node_modules_next_dist_0u_w_5s._.js:1945
[  406663ms] [ERROR] ./src/app/admin/pengaturan/page.tsx:427:7
Expected '</', got 'ident'
  425 |         </>
  426 |       )}
> 427 |     </div>
      |       ^^^
  428 |   );
  429 | }
  430 |

Parsing ecmascript source code failed

Import traces:
  Client Component Browser:
    ./src/app/admin/pengaturan/page.tsx [Client Component Browser]
    ./src/app/admin/pengaturan/page.tsx [Server Component]

  Client Component SSR:
    ./src/app/admin/pengaturan/page.tsx [Client Component SSR]
    ./src/app/admin/pengaturan/page.tsx [Server Component] @ http://localhost:3000/_next/static/chunks/node_modules_next_dist_0u_w_5s._.js:1945
[  406741ms] [ERROR] ./src/app/admin/pengaturan/page.tsx:427:7
Expected '</', got 'ident'
  425 |         </>
  426 |       )}
> 427 |     </div>
      |       ^^^
  428 |   );
  429 | }
  430 |

Parsing ecmascript source code failed

Import traces:
  Client Component Browser:
    ./src/app/admin/pengaturan/page.tsx [Client Component Browser]
    ./src/app/admin/pengaturan/page.tsx [Server Component]

  Client Component SSR:
    ./src/app/admin/pengaturan/page.tsx [Client Component SSR]
    ./src/app/admin/pengaturan/page.tsx [Server Component] @ http://localhost:3000/_next/static/chunks/node_modules_next_dist_0u_w_5s._.js:1945
[  406819ms] [ERROR] ./src/app/admin/pengaturan/page.tsx:427:7
Expected '</', got 'ident'
  425 |         </>
  426 |       )}
> 427 |     </div>
      |       ^^^
  428 |   );
  429 | }
  430 |

Parsing ecmascript source code failed

Import traces:
  Client Component Browser:
    ./src/app/admin/pengaturan/page.tsx [Client Component Browser]
    ./src/app/admin/pengaturan/page.tsx [Server Component]

  Client Component SSR:
    ./src/app/admin/pengaturan/page.tsx [Client Component SSR]
    ./src/app/admin/pengaturan/page.tsx [Server Component] @ http://localhost:3000/_next/static/chunks/node_modules_next_dist_0u_w_5s._.js:1945
[  406896ms] [ERROR] ./src/app/admin/pengaturan/page.tsx:427:7
Expected '</', got 'ident'
  425 |         </>
  426 |       )}
> 427 |     </div>
      |       ^^^
  428 |   );
  429 | }
  430 |

Parsing ecmascript source code failed

Import traces:
  Client Component Browser:
    ./src/app/admin/pengaturan/page.tsx [Client Component Browser]
    ./src/app/admin/pengaturan/page.tsx [Server Component]

  Client Component SSR:
    ./src/app/admin/pengaturan/page.tsx [Client Component SSR]
    ./src/app/admin/pengaturan/page.tsx [Server Component] @ http://localhost:3000/_next/static/chunks/node_modules_next_dist_0u_w_5s._.js:1945
[  406973ms] [ERROR] ./src/app/admin/pengaturan/page.tsx:427:7
Expected '</', got 'ident'
  425 |         </>
  426 |       )}
> 427 |     </div>
      |       ^^^
  428 |   );
  429 | }
  430 |

Parsing ecmascript source code failed

Import traces:
  Client Component Browser:
    ./src/app/admin/pengaturan/page.tsx [Client Component Browser]
    ./src/app/admin/pengaturan/page.tsx [Server Component]

  Client Component SSR:
    ./src/app/admin/pengaturan/page.tsx [Client Component SSR]
    ./src/app/admin/pengaturan/page.tsx [Server Component] @ http://localhost:3000/_next/static/chunks/node_modules_next_dist_0u_w_5s._.js:1945
[  407048ms] [ERROR] ./src/app/admin/pengaturan/page.tsx:427:7
Expected '</', got 'ident'
  425 |         </>
  426 |       )}
> 427 |     </div>
      |       ^^^
  428 |   );
  429 | }
  430 |

Parsing ecmascript source code failed

Import traces:
  Client Component Browser:
    ./src/app/admin/pengaturan/page.tsx [Client Component Browser]
    ./src/app/admin/pengaturan/page.tsx [Server Component]

  Client Component SSR:
    ./src/app/admin/pengaturan/page.tsx [Client Component SSR]
    ./src/app/admin/pengaturan/page.tsx [Server Component] @ http://localhost:3000/_next/static/chunks/node_modules_next_dist_0u_w_5s._.js:1945
[  407126ms] [ERROR] ./src/app/admin/pengaturan/page.tsx:427:7
Expected '</', got 'ident'
  425 |         </>
  426 |       )}
> 427 |     </div>
      |       ^^^
  428 |   );
  429 | }
  430 |

Parsing ecmascript source code failed

Import traces:
  Client Component Browser:
    ./src/app/admin/pengaturan/page.tsx [Client Component Browser]
    ./src/app/admin/pengaturan/page.tsx [Server Component]

  Client Component SSR:
    ./src/app/admin/pengaturan/page.tsx [Client Component SSR]
    ./src/app/admin/pengaturan/page.tsx [Server Component] @ http://localhost:3000/_next/static/chunks/node_modules_next_dist_0u_w_5s._.js:1945
[  407203ms] [ERROR] ./src/app/admin/pengaturan/page.tsx:427:7
Expected '</', got 'ident'
  425 |         </>
  426 |       )}
> 427 |     </div>
      |       ^^^
  428 |   );
  429 | }
  430 |

Parsing ecmascript source code failed

Import traces:
  Client Component Browser:
    ./src/app/admin/pengaturan/page.tsx [Client Component Browser]
    ./src/app/admin/pengaturan/page.tsx [Server Component]

  Client Component SSR:
    ./src/app/admin/pengaturan/page.tsx [Client Component SSR]
    ./src/app/admin/pengaturan/page.tsx [Server Component] @ http://localhost:3000/_next/static/chunks/node_modules_next_dist_0u_w_5s._.js:1945
[  407281ms] [ERROR] ./src/app/admin/pengaturan/page.tsx:427:7
Expected '</', got 'ident'
  425 |         </>
  426 |       )}
> 427 |     </div>
      |       ^^^
  428 |   );
  429 | }
  430 |

Parsing ecmascript source code failed

Import traces:
  Client Component Browser:
    ./src/app/admin/pengaturan/page.tsx [Client Component Browser]
    ./src/app/admin/pengaturan/page.tsx [Server Component]

  Client Component SSR:
    ./src/app/admin/pengaturan/page.tsx [Client Component SSR]
    ./src/app/admin/pengaturan/page.tsx [Server Component] @ http://localhost:3000/_next/static/chunks/node_modules_next_dist_0u_w_5s._.js:1945
[  407359ms] [ERROR] ./src/app/admin/pengaturan/page.tsx:427:7
Expected '</', got 'ident'
  425 |         </>
  426 |       )}
> 427 |     </div>
      |       ^^^
  428 |   );
  429 | }
  430 |

Parsing ecmascript source code failed

Import traces:
  Client Component Browser:
    ./src/app/admin/pengaturan/page.tsx [Client Component Browser]
    ./src/app/admin/pengaturan/page.tsx [Server Component]

  Client Component SSR:
    ./src/app/admin/pengaturan/page.tsx [Client Component SSR]
    ./src/app/admin/pengaturan/page.tsx [Server Component] @ http://localhost:3000/_next/static/chunks/node_modules_next_dist_0u_w_5s._.js:1945
[  407438ms] [ERROR] ./src/app/admin/pengaturan/page.tsx:427:7
Expected '</', got 'ident'
  425 |         </>
  426 |       )}
> 427 |     </div>
      |       ^^^
  428 |   );
  429 | }
  430 |

Parsing ecmascript source code failed

Import traces:
  Client Component Browser:
    ./src/app/admin/pengaturan/page.tsx [Client Component Browser]
    ./src/app/admin/pengaturan/page.tsx [Server Component]

  Client Component SSR:
    ./src/app/admin/pengaturan/page.tsx [Client Component SSR]
    ./src/app/admin/pengaturan/page.tsx [Server Component] @ http://localhost:3000/_next/static/chunks/node_modules_next_dist_0u_w_5s._.js:1945
[  407516ms] [ERROR] ./src/app/admin/pengaturan/page.tsx:427:7
Expected '</', got 'ident'
  425 |         </>
  426 |       )}
> 427 |     </div>
      |       ^^^
  428 |   );
  429 | }
  430 |

Parsing ecmascript source code failed

Import traces:
  Client Component Browser:
    ./src/app/admin/pengaturan/page.tsx [Client Component Browser]
    ./src/app/admin/pengaturan/page.tsx [Server Component]

  Client Component SSR:
    ./src/app/admin/pengaturan/page.tsx [Client Component SSR]
    ./src/app/admin/pengaturan/page.tsx [Server Component] @ http://localhost:3000/_next/static/chunks/node_modules_next_dist_0u_w_5s._.js:1945
[  407597ms] [ERROR] ./src/app/admin/pengaturan/page.tsx:427:7
Expected '</', got 'ident'
  425 |         </>
  426 |       )}
> 427 |     </div>
      |       ^^^
  428 |   );
  429 | }
  430 |

Parsing ecmascript source code failed

Import traces:
  Client Component Browser:
    ./src/app/admin/pengaturan/page.tsx [Client Component Browser]
    ./src/app/admin/pengaturan/page.tsx [Server Component]

  Client Component SSR:
    ./src/app/admin/pengaturan/page.tsx [Client Component SSR]
    ./src/app/admin/pengaturan/page.tsx [Server Component] @ http://localhost:3000/_next/static/chunks/node_modules_next_dist_0u_w_5s._.js:1945
[  407675ms] [ERROR] ./src/app/admin/pengaturan/page.tsx:427:7
Expected '</', got 'ident'
  425 |         </>
  426 |       )}
> 427 |     </div>
      |       ^^^
  428 |   );
  429 | }
  430 |

Parsing ecmascript source code failed

Import traces:
  Client Component Browser:
    ./src/app/admin/pengaturan/page.tsx [Client Component Browser]
    ./src/app/admin/pengaturan/page.tsx [Server Component]

  Client Component SSR:
    ./src/app/admin/pengaturan/page.tsx [Client Component SSR]
    ./src/app/admin/pengaturan/page.tsx [Server Component] @ http://localhost:3000/_next/static/chunks/node_modules_next_dist_0u_w_5s._.js:1945
[  407752ms] [ERROR] ./src/app/admin/pengaturan/page.tsx:427:7
Expected '</', got 'ident'
  425 |         </>
  426 |       )}
> 427 |     </div>
      |       ^^^
  428 |   );
  429 | }
  430 |

Parsing ecmascript source code failed

Import traces:
  Client Component Browser:
    ./src/app/admin/pengaturan/page.tsx [Client Component Browser]
    ./src/app/admin/pengaturan/page.tsx [Server Component]

  Client Component SSR:
    ./src/app/admin/pengaturan/page.tsx [Client Component SSR]
    ./src/app/admin/pengaturan/page.tsx [Server Component] @ http://localhost:3000/_next/static/chunks/node_modules_next_dist_0u_w_5s._.js:1945
[  407830ms] [ERROR] ./src/app/admin/pengaturan/page.tsx:427:7
Expected '</', got 'ident'
  425 |         </>
  426 |       )}
> 427 |     </div>
      |       ^^^
  428 |   );
  429 | }
  430 |

Parsing ecmascript source code failed

Import traces:
  Client Component Browser:
    ./src/app/admin/pengaturan/page.tsx [Client Component Browser]
    ./src/app/admin/pengaturan/page.tsx [Server Component]

  Client Component SSR:
    ./src/app/admin/pengaturan/page.tsx [Client Component SSR]
    ./src/app/admin/pengaturan/page.tsx [Server Component] @ http://localhost:3000/_next/static/chunks/node_modules_next_dist_0u_w_5s._.js:1945
[  407905ms] [ERROR] ./src/app/admin/pengaturan/page.tsx:427:7
Expected '</', got 'ident'
  425 |         </>
  426 |       )}
> 427 |     </div>
      |       ^^^
  428 |   );
  429 | }
  430 |

Parsing ecmascript source code failed

Import traces:
  Client Component Browser:
    ./src/app/admin/pengaturan/page.tsx [Client Component Browser]
    ./src/app/admin/pengaturan/page.tsx [Server Component]

  Client Component SSR:
    ./src/app/admin/pengaturan/page.tsx [Client Component SSR]
    ./src/app/admin/pengaturan/page.tsx [Server Component] @ http://localhost:3000/_next/static/chunks/node_modules_next_dist_0u_w_5s._.js:1945
[  407980ms] [ERROR] ./src/app/admin/pengaturan/page.tsx:427:7
Expected '</', got 'ident'
  425 |         </>
  426 |       )}
> 427 |     </div>
      |       ^^^
  428 |   );
  429 | }
  430 |

Parsing ecmascript source code failed

Import traces:
  Client Component Browser:
    ./src/app/admin/pengaturan/page.tsx [Client Component Browser]
    ./src/app/admin/pengaturan/page.tsx [Server Component]

  Client Component SSR:
    ./src/app/admin/pengaturan/page.tsx [Client Component SSR]
    ./src/app/admin/pengaturan/page.tsx [Server Component] @ http://localhost:3000/_next/static/chunks/node_modules_next_dist_0u_w_5s._.js:1945
[  408058ms] [ERROR] ./src/app/admin/pengaturan/page.tsx:427:7
Expected '</', got 'ident'
  425 |         </>
  426 |       )}
> 427 |     </div>
      |       ^^^
  428 |   );
  429 | }
  430 |

Parsing ecmascript source code failed

Import traces:
  Client Component Browser:
    ./src/app/admin/pengaturan/page.tsx [Client Component Browser]
    ./src/app/admin/pengaturan/page.tsx [Server Component]

  Client Component SSR:
    ./src/app/admin/pengaturan/page.tsx [Client Component SSR]
    ./src/app/admin/pengaturan/page.tsx [Server Component] @ http://localhost:3000/_next/static/chunks/node_modules_next_dist_0u_w_5s._.js:1945
[  408137ms] [ERROR] ./src/app/admin/pengaturan/page.tsx:427:7
Expected '</', got 'ident'
  425 |         </>
  426 |       )}
> 427 |     </div>
      |       ^^^
  428 |   );
  429 | }
  430 |

Parsing ecmascript source code failed

Import traces:
  Client Component Browser:
    ./src/app/admin/pengaturan/page.tsx [Client Component Browser]
    ./src/app/admin/pengaturan/page.tsx [Server Component]

  Client Component SSR:
    ./src/app/admin/pengaturan/page.tsx [Client Component SSR]
    ./src/app/admin/pengaturan/page.tsx [Server Component] @ http://localhost:3000/_next/static/chunks/node_modules_next_dist_0u_w_5s._.js:1945
[  408216ms] [ERROR] ./src/app/admin/pengaturan/page.tsx:427:7
Expected '</', got 'ident'
  425 |         </>
  426 |       )}
> 427 |     </div>
      |       ^^^
  428 |   );
  429 | }
  430 |

Parsing ecmascript source code failed

Import traces:
  Client Component Browser:
    ./src/app/admin/pengaturan/page.tsx [Client Component Browser]
    ./src/app/admin/pengaturan/page.tsx [Server Component]

  Client Component SSR:
    ./src/app/admin/pengaturan/page.tsx [Client Component SSR]
    ./src/app/admin/pengaturan/page.tsx [Server Component] @ http://localhost:3000/_next/static/chunks/node_modules_next_dist_0u_w_5s._.js:1945
[  408294ms] [ERROR] ./src/app/admin/pengaturan/page.tsx:427:7
Expected '</', got 'ident'
  425 |         </>
  426 |       )}
> 427 |     </div>
      |       ^^^
  428 |   );
  429 | }
  430 |

Parsing ecmascript source code failed

Import traces:
  Client Component Browser:
    ./src/app/admin/pengaturan/page.tsx [Client Component Browser]
    ./src/app/admin/pengaturan/page.tsx [Server Component]

  Client Component SSR:
    ./src/app/admin/pengaturan/page.tsx [Client Component SSR]
    ./src/app/admin/pengaturan/page.tsx [Server Component] @ http://localhost:3000/_next/static/chunks/node_modules_next_dist_0u_w_5s._.js:1945
[  408372ms] [ERROR] ./src/app/admin/pengaturan/page.tsx:427:7
Expected '</', got 'ident'
  425 |         </>
  426 |       )}
> 427 |     </div>
      |       ^^^
  428 |   );
  429 | }
  430 |

Parsing ecmascript source code failed

Import traces:
  Client Component Browser:
    ./src/app/admin/pengaturan/page.tsx [Client Component Browser]
    ./src/app/admin/pengaturan/page.tsx [Server Component]

  Client Component SSR:
    ./src/app/admin/pengaturan/page.tsx [Client Component SSR]
    ./src/app/admin/pengaturan/page.tsx [Server Component] @ http://localhost:3000/_next/static/chunks/node_modules_next_dist_0u_w_5s._.js:1945
[  408451ms] [ERROR] ./src/app/admin/pengaturan/page.tsx:427:7
Expected '</', got 'ident'
  425 |         </>
  426 |       )}
> 427 |     </div>
      |       ^^^
  428 |   );
  429 | }
  430 |

Parsing ecmascript source code failed

Import traces:
  Client Component Browser:
    ./src/app/admin/pengaturan/page.tsx [Client Component Browser]
    ./src/app/admin/pengaturan/page.tsx [Server Component]

  Client Component SSR:
    ./src/app/admin/pengaturan/page.tsx [Client Component SSR]
    ./src/app/admin/pengaturan/page.tsx [Server Component] @ http://localhost:3000/_next/static/chunks/node_modules_next_dist_0u_w_5s._.js:1945
[  408528ms] [ERROR] ./src/app/admin/pengaturan/page.tsx:427:7
Expected '</', got 'ident'
  425 |         </>
  426 |       )}
> 427 |     </div>
      |       ^^^
  428 |   );
  429 | }
  430 |

Parsing ecmascript source code failed

Import traces:
  Client Component Browser:
    ./src/app/admin/pengaturan/page.tsx [Client Component Browser]
    ./src/app/admin/pengaturan/page.tsx [Server Component]

  Client Component SSR:
    ./src/app/admin/pengaturan/page.tsx [Client Component SSR]
    ./src/app/admin/pengaturan/page.tsx [Server Component] @ http://localhost:3000/_next/static/chunks/node_modules_next_dist_0u_w_5s._.js:1945
[  408606ms] [ERROR] ./src/app/admin/pengaturan/page.tsx:427:7
Expected '</', got 'ident'
  425 |         </>
  426 |       )}
> 427 |     </div>
      |       ^^^
  428 |   );
  429 | }
  430 |

Parsing ecmascript source code failed

Import traces:
  Client Component Browser:
    ./src/app/admin/pengaturan/page.tsx [Client Component Browser]
    ./src/app/admin/pengaturan/page.tsx [Server Component]

  Client Component SSR:
    ./src/app/admin/pengaturan/page.tsx [Client Component SSR]
    ./src/app/admin/pengaturan/page.tsx [Server Component] @ http://localhost:3000/_next/static/chunks/node_modules_next_dist_0u_w_5s._.js:1945
[  408684ms] [ERROR] ./src/app/admin/pengaturan/page.tsx:427:7
Expected '</', got 'ident'
  425 |         </>
  426 |       )}
> 427 |     </div>
      |       ^^^
  428 |   );
  429 | }
  430 |

Parsing ecmascript source code failed

Import traces:
  Client Component Browser:
    ./src/app/admin/pengaturan/page.tsx [Client Component Browser]
    ./src/app/admin/pengaturan/page.tsx [Server Component]

  Client Component SSR:
    ./src/app/admin/pengaturan/page.tsx [Client Component SSR]
    ./src/app/admin/pengaturan/page.tsx [Server Component] @ http://localhost:3000/_next/static/chunks/node_modules_next_dist_0u_w_5s._.js:1945
[  408760ms] [ERROR] ./src/app/admin/pengaturan/page.tsx:427:7
Expected '</', got 'ident'
  425 |         </>
  426 |       )}
> 427 |     </div>
      |       ^^^
  428 |   );
  429 | }
  430 |

Parsing ecmascript source code failed

Import traces:
  Client Component Browser:
    ./src/app/admin/pengaturan/page.tsx [Client Component Browser]
    ./src/app/admin/pengaturan/page.tsx [Server Component]

  Client Component SSR:
    ./src/app/admin/pengaturan/page.tsx [Client Component SSR]
    ./src/app/admin/pengaturan/page.tsx [Server Component] @ http://localhost:3000/_next/static/chunks/node_modules_next_dist_0u_w_5s._.js:1945
[  408840ms] [ERROR] ./src/app/admin/pengaturan/page.tsx:427:7
Expected '</', got 'ident'
  425 |         </>
  426 |       )}
> 427 |     </div>
      |       ^^^
  428 |   );
  429 | }
  430 |

Parsing ecmascript source code failed

Import traces:
  Client Component Browser:
    ./src/app/admin/pengaturan/page.tsx [Client Component Browser]
    ./src/app/admin/pengaturan/page.tsx [Server Component]

  Client Component SSR:
    ./src/app/admin/pengaturan/page.tsx [Client Component SSR]
    ./src/app/admin/pengaturan/page.tsx [Server Component] @ http://localhost:3000/_next/static/chunks/node_modules_next_dist_0u_w_5s._.js:1945
[  408940ms] [ERROR] Failed to load resource: the server responded with a status of 500 (Internal Server Error) @ http://localhost:3000/admin/pengurus-rt:0
[  408982ms] [INFO] %cDownload the React DevTools for a better development experience: https://react.dev/link/react-devtools font-weight:bold @ http://localhost:3000/_next/static/chunks/node_modules_react-dom_0bruynb._.js:15305
[  409001ms] Error: ./src/app/admin/pengaturan/page.tsx:427:7
Expected '</', got 'ident'
  425 |         </>
  426 |       )}
> 427 |     </div>
      |       ^^^
  428 |   );
  429 | }
  430 |

Parsing ecmascript source code failed

Import traces:
  Client Component Browser:
    ./src/app/admin/pengaturan/page.tsx [Client Component Browser]
    ./src/app/admin/pengaturan/page.tsx [Server Component]

  Client Component SSR:
    ./src/app/admin/pengaturan/page.tsx [Client Component SSR]
    ./src/app/admin/pengaturan/page.tsx [Server Component]


    at <unknown> (Error: ./src/app/admin/pengaturan/page.tsx:427:7)
    at Object.getCompilationErrors (file://C:\KULIAH\Project Portfolio\si-rw12\node_modules\next\dist\server\dev\hot-reloader-turbopack.js:1186:59)
    at DevBundlerService.getCompilationError (file://C:\KULIAH\Project Portfolio\si-rw12\node_modules\next\dist\server\lib\dev-bundler-service.js:44:55)
    at DevServer.getCompilationError (file://C:\KULIAH\Project Portfolio\si-rw12\node_modules\next\dist\server\dev\next-dev-server.js:719:42)
    at DevServer.findPageComponents (file://C:\KULIAH\Project Portfolio\si-rw12\node_modules\next\dist\server\dev\next-dev-server.js:689:43)
    at async DevServer.renderErrorToResponseImpl (file://C:\KULIAH\Project Portfolio\si-rw12\node_modules\next\dist\server\base-server.js:1745:26)
[  409001ms] [LOG] [HMR] connected @ http://localhost:3000/_next/static/chunks/node_modules_next_dist_0u_w_5s._.js:1226
[  409003ms] [ERROR] ./src/app/admin/pengaturan/page.tsx:427:7
Expected '</', got 'ident'
  425 |         </>
  426 |       )}
> 427 |     </div>
      |       ^^^
  428 |   );
  429 | }
  430 |

Parsing ecmascript source code failed

Import traces:
  Client Component Browser:
    ./src/app/admin/pengaturan/page.tsx [Client Component Browser]
    ./src/app/admin/pengaturan/page.tsx [Server Component]

  Client Component SSR:
    ./src/app/admin/pengaturan/page.tsx [Client Component SSR]
    ./src/app/admin/pengaturan/page.tsx [Server Component] @ http://localhost:3000/_next/static/chunks/node_modules_next_dist_0u_w_5s._.js:1945
[  409090ms] [ERROR] ./src/app/admin/pengaturan/page.tsx:427:7
Expected '</', got 'ident'
  425 |         </>
  426 |       )}
> 427 |     </div>
      |       ^^^
  428 |   );
  429 | }
  430 |

Parsing ecmascript source code failed

Import traces:
  Client Component Browser:
    ./src/app/admin/pengaturan/page.tsx [Client Component Browser]
    ./src/app/admin/pengaturan/page.tsx [Server Component]

  Client Component SSR:
    ./src/app/admin/pengaturan/page.tsx [Client Component SSR]
    ./src/app/admin/pengaturan/page.tsx [Server Component] @ http://localhost:3000/_next/static/chunks/node_modules_next_dist_0u_w_5s._.js:1945
[  409165ms] [ERROR] ./src/app/admin/pengaturan/page.tsx:427:7
Expected '</', got 'ident'
  425 |         </>
  426 |       )}
> 427 |     </div>
      |       ^^^
  428 |   );
  429 | }
  430 |

Parsing ecmascript source code failed

Import traces:
  Client Component Browser:
    ./src/app/admin/pengaturan/page.tsx [Client Component Browser]
    ./src/app/admin/pengaturan/page.tsx [Server Component]

  Client Component SSR:
    ./src/app/admin/pengaturan/page.tsx [Client Component SSR]
    ./src/app/admin/pengaturan/page.tsx [Server Component] @ http://localhost:3000/_next/static/chunks/node_modules_next_dist_0u_w_5s._.js:1945
[  409245ms] [ERROR] ./src/app/admin/pengaturan/page.tsx:427:7
Expected '</', got 'ident'
  425 |         </>
  426 |       )}
> 427 |     </div>
      |       ^^^
  428 |   );
  429 | }
  430 |

Parsing ecmascript source code failed

Import traces:
  Client Component Browser:
    ./src/app/admin/pengaturan/page.tsx [Client Component Browser]
    ./src/app/admin/pengaturan/page.tsx [Server Component]

  Client Component SSR:
    ./src/app/admin/pengaturan/page.tsx [Client Component SSR]
    ./src/app/admin/pengaturan/page.tsx [Server Component] @ http://localhost:3000/_next/static/chunks/node_modules_next_dist_0u_w_5s._.js:1945
[  409322ms] [ERROR] ./src/app/admin/pengaturan/page.tsx:427:7
Expected '</', got 'ident'
  425 |         </>
  426 |       )}
> 427 |     </div>
      |       ^^^
  428 |   );
  429 | }
  430 |

Parsing ecmascript source code failed

Import traces:
  Client Component Browser:
    ./src/app/admin/pengaturan/page.tsx [Client Component Browser]
    ./src/app/admin/pengaturan/page.tsx [Server Component]

  Client Component SSR:
    ./src/app/admin/pengaturan/page.tsx [Client Component SSR]
    ./src/app/admin/pengaturan/page.tsx [Server Component] @ http://localhost:3000/_next/static/chunks/node_modules_next_dist_0u_w_5s._.js:1945
[  409400ms] [ERROR] ./src/app/admin/pengaturan/page.tsx:427:7
Expected '</', got 'ident'
  425 |         </>
  426 |       )}
> 427 |     </div>
      |       ^^^
  428 |   );
  429 | }
  430 |

Parsing ecmascript source code failed

Import traces:
  Client Component Browser:
    ./src/app/admin/pengaturan/page.tsx [Client Component Browser]
    ./src/app/admin/pengaturan/page.tsx [Server Component]

  Client Component SSR:
    ./src/app/admin/pengaturan/page.tsx [Client Component SSR]
    ./src/app/admin/pengaturan/page.tsx [Server Component] @ http://localhost:3000/_next/static/chunks/node_modules_next_dist_0u_w_5s._.js:1945
[  409478ms] [ERROR] ./src/app/admin/pengaturan/page.tsx:427:7
Expected '</', got 'ident'
  425 |         </>
  426 |       )}
> 427 |     </div>
      |       ^^^
  428 |   );
  429 | }
  430 |

Parsing ecmascript source code failed

Import traces:
  Client Component Browser:
    ./src/app/admin/pengaturan/page.tsx [Client Component Browser]
    ./src/app/admin/pengaturan/page.tsx [Server Component]

  Client Component SSR:
    ./src/app/admin/pengaturan/page.tsx [Client Component SSR]
    ./src/app/admin/pengaturan/page.tsx [Server Component] @ http://localhost:3000/_next/static/chunks/node_modules_next_dist_0u_w_5s._.js:1945
[  409556ms] [ERROR] ./src/app/admin/pengaturan/page.tsx:427:7
Expected '</', got 'ident'
  425 |         </>
  426 |       )}
> 427 |     </div>
      |       ^^^
  428 |   );
  429 | }
  430 |

Parsing ecmascript source code failed

Import traces:
  Client Component Browser:
    ./src/app/admin/pengaturan/page.tsx [Client Component Browser]
    ./src/app/admin/pengaturan/page.tsx [Server Component]

  Client Component SSR:
    ./src/app/admin/pengaturan/page.tsx [Client Component SSR]
    ./src/app/admin/pengaturan/page.tsx [Server Component] @ http://localhost:3000/_next/static/chunks/node_modules_next_dist_0u_w_5s._.js:1945
[  409633ms] [ERROR] ./src/app/admin/pengaturan/page.tsx:427:7
Expected '</', got 'ident'
  425 |         </>
  426 |       )}
> 427 |     </div>
      |       ^^^
  428 |   );
  429 | }
  430 |

Parsing ecmascript source code failed

Import traces:
  Client Component Browser:
    ./src/app/admin/pengaturan/page.tsx [Client Component Browser]
    ./src/app/admin/pengaturan/page.tsx [Server Component]

  Client Component SSR:
    ./src/app/admin/pengaturan/page.tsx [Client Component SSR]
    ./src/app/admin/pengaturan/page.tsx [Server Component] @ http://localhost:3000/_next/static/chunks/node_modules_next_dist_0u_w_5s._.js:1945
[  409709ms] [ERROR] ./src/app/admin/pengaturan/page.tsx:427:7
Expected '</', got 'ident'
  425 |         </>
  426 |       )}
> 427 |     </div>
      |       ^^^
  428 |   );
  429 | }
  430 |

Parsing ecmascript source code failed

Import traces:
  Client Component Browser:
    ./src/app/admin/pengaturan/page.tsx [Client Component Browser]
    ./src/app/admin/pengaturan/page.tsx [Server Component]

  Client Component SSR:
    ./src/app/admin/pengaturan/page.tsx [Client Component SSR]
    ./src/app/admin/pengaturan/page.tsx [Server Component] @ http://localhost:3000/_next/static/chunks/node_modules_next_dist_0u_w_5s._.js:1945
[  409785ms] [ERROR] ./src/app/admin/pengaturan/page.tsx:427:7
Expected '</', got 'ident'
  425 |         </>
  426 |       )}
> 427 |     </div>
      |       ^^^
  428 |   );
  429 | }
  430 |

Parsing ecmascript source code failed

Import traces:
  Client Component Browser:
    ./src/app/admin/pengaturan/page.tsx [Client Component Browser]
    ./src/app/admin/pengaturan/page.tsx [Server Component]

  Client Component SSR:
    ./src/app/admin/pengaturan/page.tsx [Client Component SSR]
    ./src/app/admin/pengaturan/page.tsx [Server Component] @ http://localhost:3000/_next/static/chunks/node_modules_next_dist_0u_w_5s._.js:1945
[  409864ms] [ERROR] ./src/app/admin/pengaturan/page.tsx:427:7
Expected '</', got 'ident'
  425 |         </>
  426 |       )}
> 427 |     </div>
      |       ^^^
  428 |   );
  429 | }
  430 |

Parsing ecmascript source code failed

Import traces:
  Client Component Browser:
    ./src/app/admin/pengaturan/page.tsx [Client Component Browser]
    ./src/app/admin/pengaturan/page.tsx [Server Component]

  Client Component SSR:
    ./src/app/admin/pengaturan/page.tsx [Client Component SSR]
    ./src/app/admin/pengaturan/page.tsx [Server Component] @ http://localhost:3000/_next/static/chunks/node_modules_next_dist_0u_w_5s._.js:1945
[  409955ms] [ERROR] ./src/app/admin/pengaturan/page.tsx:427:7
Expected '</', got 'ident'
  425 |         </>
  426 |       )}
> 427 |     </div>
      |       ^^^
  428 |   );
  429 | }
  430 |

Parsing ecmascript source code failed

Import traces:
  Client Component Browser:
    ./src/app/admin/pengaturan/page.tsx [Client Component Browser]
    ./src/app/admin/pengaturan/page.tsx [Server Component]

  Client Component SSR:
    ./src/app/admin/pengaturan/page.tsx [Client Component SSR]
    ./src/app/admin/pengaturan/page.tsx [Server Component] @ http://localhost:3000/_next/static/chunks/node_modules_next_dist_0u_w_5s._.js:1945
[  410031ms] [ERROR] ./src/app/admin/pengaturan/page.tsx:427:7
Expected '</', got 'ident'
  425 |         </>
  426 |       )}
> 427 |     </div>
      |       ^^^
  428 |   );
  429 | }
  430 |

Parsing ecmascript source code failed

Import traces:
  Client Component Browser:
    ./src/app/admin/pengaturan/page.tsx [Client Component Browser]
    ./src/app/admin/pengaturan/page.tsx [Server Component]

  Client Component SSR:
    ./src/app/admin/pengaturan/page.tsx [Client Component SSR]
    ./src/app/admin/pengaturan/page.tsx [Server Component] @ http://localhost:3000/_next/static/chunks/node_modules_next_dist_0u_w_5s._.js:1945
[  410106ms] [ERROR] ./src/app/admin/pengaturan/page.tsx:427:7
Expected '</', got 'ident'
  425 |         </>
  426 |       )}
> 427 |     </div>
      |       ^^^
  428 |   );
  429 | }
  430 |

Parsing ecmascript source code failed

Import traces:
  Client Component Browser:
    ./src/app/admin/pengaturan/page.tsx [Client Component Browser]
    ./src/app/admin/pengaturan/page.tsx [Server Component]

  Client Component SSR:
    ./src/app/admin/pengaturan/page.tsx [Client Component SSR]
    ./src/app/admin/pengaturan/page.tsx [Server Component] @ http://localhost:3000/_next/static/chunks/node_modules_next_dist_0u_w_5s._.js:1945
[  410181ms] [ERROR] ./src/app/admin/pengaturan/page.tsx:427:7
Expected '</', got 'ident'
  425 |         </>
  426 |       )}
> 427 |     </div>
      |       ^^^
  428 |   );
  429 | }
  430 |

Parsing ecmascript source code failed

Import traces:
  Client Component Browser:
    ./src/app/admin/pengaturan/page.tsx [Client Component Browser]
    ./src/app/admin/pengaturan/page.tsx [Server Component]

  Client Component SSR:
    ./src/app/admin/pengaturan/page.tsx [Client Component SSR]
    ./src/app/admin/pengaturan/page.tsx [Server Component] @ http://localhost:3000/_next/static/chunks/node_modules_next_dist_0u_w_5s._.js:1945
[  410257ms] [ERROR] ./src/app/admin/pengaturan/page.tsx:427:7
Expected '</', got 'ident'
  425 |         </>
  426 |       )}
> 427 |     </div>
      |       ^^^
  428 |   );
  429 | }
  430 |

Parsing ecmascript source code failed

Import traces:
  Client Component Browser:
    ./src/app/admin/pengaturan/page.tsx [Client Component Browser]
    ./src/app/admin/pengaturan/page.tsx [Server Component]

  Client Component SSR:
    ./src/app/admin/pengaturan/page.tsx [Client Component SSR]
    ./src/app/admin/pengaturan/page.tsx [Server Component] @ http://localhost:3000/_next/static/chunks/node_modules_next_dist_0u_w_5s._.js:1945
[  410334ms] [ERROR] ./src/app/admin/pengaturan/page.tsx:427:7
Expected '</', got 'ident'
  425 |         </>
  426 |       )}
> 427 |     </div>
      |       ^^^
  428 |   );
  429 | }
  430 |

Parsing ecmascript source code failed

Import traces:
  Client Component Browser:
    ./src/app/admin/pengaturan/page.tsx [Client Component Browser]
    ./src/app/admin/pengaturan/page.tsx [Server Component]

  Client Component SSR:
    ./src/app/admin/pengaturan/page.tsx [Client Component SSR]
    ./src/app/admin/pengaturan/page.tsx [Server Component] @ http://localhost:3000/_next/static/chunks/node_modules_next_dist_0u_w_5s._.js:1945
[  410412ms] [ERROR] ./src/app/admin/pengaturan/page.tsx:427:7
Expected '</', got 'ident'
  425 |         </>
  426 |       )}
> 427 |     </div>
      |       ^^^
  428 |   );
  429 | }
  430 |

Parsing ecmascript source code failed

Import traces:
  Client Component Browser:
    ./src/app/admin/pengaturan/page.tsx [Client Component Browser]
    ./src/app/admin/pengaturan/page.tsx [Server Component]

  Client Component SSR:
    ./src/app/admin/pengaturan/page.tsx [Client Component SSR]
    ./src/app/admin/pengaturan/page.tsx [Server Component] @ http://localhost:3000/_next/static/chunks/node_modules_next_dist_0u_w_5s._.js:1945
[  410503ms] [ERROR] ./src/app/admin/pengaturan/page.tsx:427:7
Expected '</', got 'ident'
  425 |         </>
  426 |       )}
> 427 |     </div>
      |       ^^^
  428 |   );
  429 | }
  430 |

Parsing ecmascript source code failed

Import traces:
  Client Component Browser:
    ./src/app/admin/pengaturan/page.tsx [Client Component Browser]
    ./src/app/admin/pengaturan/page.tsx [Server Component]

  Client Component SSR:
    ./src/app/admin/pengaturan/page.tsx [Client Component SSR]
    ./src/app/admin/pengaturan/page.tsx [Server Component] @ http://localhost:3000/_next/static/chunks/node_modules_next_dist_0u_w_5s._.js:1945
[  410596ms] [ERROR] ./src/app/admin/pengaturan/page.tsx:427:7
Expected '</', got 'ident'
  425 |         </>
  426 |       )}
> 427 |     </div>
      |       ^^^
  428 |   );
  429 | }
  430 |

Parsing ecmascript source code failed

Import traces:
  Client Component Browser:
    ./src/app/admin/pengaturan/page.tsx [Client Component Browser]
    ./src/app/admin/pengaturan/page.tsx [Server Component]

  Client Component SSR:
    ./src/app/admin/pengaturan/page.tsx [Client Component SSR]
    ./src/app/admin/pengaturan/page.tsx [Server Component] @ http://localhost:3000/_next/static/chunks/node_modules_next_dist_0u_w_5s._.js:1945
[  410672ms] [ERROR] ./src/app/admin/pengaturan/page.tsx:427:7
Expected '</', got 'ident'
  425 |         </>
  426 |       )}
> 427 |     </div>
      |       ^^^
  428 |   );
  429 | }
  430 |

Parsing ecmascript source code failed

Import traces:
  Client Component Browser:
    ./src/app/admin/pengaturan/page.tsx [Client Component Browser]
    ./src/app/admin/pengaturan/page.tsx [Server Component]

  Client Component SSR:
    ./src/app/admin/pengaturan/page.tsx [Client Component SSR]
    ./src/app/admin/pengaturan/page.tsx [Server Component] @ http://localhost:3000/_next/static/chunks/node_modules_next_dist_0u_w_5s._.js:1945
[  410746ms] [ERROR] ./src/app/admin/pengaturan/page.tsx:427:7
Expected '</', got 'ident'
  425 |         </>
  426 |       )}
> 427 |     </div>
      |       ^^^
  428 |   );
  429 | }
  430 |

Parsing ecmascript source code failed

Import traces:
  Client Component Browser:
    ./src/app/admin/pengaturan/page.tsx [Client Component Browser]
    ./src/app/admin/pengaturan/page.tsx [Server Component]

  Client Component SSR:
    ./src/app/admin/pengaturan/page.tsx [Client Component SSR]
    ./src/app/admin/pengaturan/page.tsx [Server Component] @ http://localhost:3000/_next/static/chunks/node_modules_next_dist_0u_w_5s._.js:1945
[  410821ms] [ERROR] ./src/app/admin/pengaturan/page.tsx:427:7
Expected '</', got 'ident'
  425 |         </>
  426 |       )}
> 427 |     </div>
      |       ^^^
  428 |   );
  429 | }
  430 |

Parsing ecmascript source code failed

Import traces:
  Client Component Browser:
    ./src/app/admin/pengaturan/page.tsx [Client Component Browser]
    ./src/app/admin/pengaturan/page.tsx [Server Component]

  Client Component SSR:
    ./src/app/admin/pengaturan/page.tsx [Client Component SSR]
    ./src/app/admin/pengaturan/page.tsx [Server Component] @ http://localhost:3000/_next/static/chunks/node_modules_next_dist_0u_w_5s._.js:1945
[  410896ms] [ERROR] ./src/app/admin/pengaturan/page.tsx:427:7
Expected '</', got 'ident'
  425 |         </>
  426 |       )}
> 427 |     </div>
      |       ^^^
  428 |   );
  429 | }
  430 |

Parsing ecmascript source code failed

Import traces:
  Client Component Browser:
    ./src/app/admin/pengaturan/page.tsx [Client Component Browser]
    ./src/app/admin/pengaturan/page.tsx [Server Component]

  Client Component SSR:
    ./src/app/admin/pengaturan/page.tsx [Client Component SSR]
    ./src/app/admin/pengaturan/page.tsx [Server Component] @ http://localhost:3000/_next/static/chunks/node_modules_next_dist_0u_w_5s._.js:1945
[  410987ms] [ERROR] ./src/app/admin/pengaturan/page.tsx:427:7
Expected '</', got 'ident'
  425 |         </>
  426 |       )}
> 427 |     </div>
      |       ^^^
  428 |   );
  429 | }
  430 |

Parsing ecmascript source code failed

Import traces:
  Client Component Browser:
    ./src/app/admin/pengaturan/page.tsx [Client Component Browser]
    ./src/app/admin/pengaturan/page.tsx [Server Component]

  Client Component SSR:
    ./src/app/admin/pengaturan/page.tsx [Client Component SSR]
    ./src/app/admin/pengaturan/page.tsx [Server Component] @ http://localhost:3000/_next/static/chunks/node_modules_next_dist_0u_w_5s._.js:1945
[  411064ms] [ERROR] ./src/app/admin/pengaturan/page.tsx:427:7
Expected '</', got 'ident'
  425 |         </>
  426 |       )}
> 427 |     </div>
      |       ^^^
  428 |   );
  429 | }
  430 |

Parsing ecmascript source code failed

Import traces:
  Client Component Browser:
    ./src/app/admin/pengaturan/page.tsx [Client Component Browser]
    ./src/app/admin/pengaturan/page.tsx [Server Component]

  Client Component SSR:
    ./src/app/admin/pengaturan/page.tsx [Client Component SSR]
    ./src/app/admin/pengaturan/page.tsx [Server Component] @ http://localhost:3000/_next/static/chunks/node_modules_next_dist_0u_w_5s._.js:1945
[  411139ms] [ERROR] ./src/app/admin/pengaturan/page.tsx:427:7
Expected '</', got 'ident'
  425 |         </>
  426 |       )}
> 427 |     </div>
      |       ^^^
  428 |   );
  429 | }
  430 |

Parsing ecmascript source code failed

Import traces:
  Client Component Browser:
    ./src/app/admin/pengaturan/page.tsx [Client Component Browser]
    ./src/app/admin/pengaturan/page.tsx [Server Component]

  Client Component SSR:
    ./src/app/admin/pengaturan/page.tsx [Client Component SSR]
    ./src/app/admin/pengaturan/page.tsx [Server Component] @ http://localhost:3000/_next/static/chunks/node_modules_next_dist_0u_w_5s._.js:1945
[  411216ms] [ERROR] ./src/app/admin/pengaturan/page.tsx:427:7
Expected '</', got 'ident'
  425 |         </>
  426 |       )}
> 427 |     </div>
      |       ^^^
  428 |   );
  429 | }
  430 |

Parsing ecmascript source code failed

Import traces:
  Client Component Browser:
    ./src/app/admin/pengaturan/page.tsx [Client Component Browser]
    ./src/app/admin/pengaturan/page.tsx [Server Component]

  Client Component SSR:
    ./src/app/admin/pengaturan/page.tsx [Client Component SSR]
    ./src/app/admin/pengaturan/page.tsx [Server Component] @ http://localhost:3000/_next/static/chunks/node_modules_next_dist_0u_w_5s._.js:1945
[  411294ms] [ERROR] ./src/app/admin/pengaturan/page.tsx:427:7
Expected '</', got 'ident'
  425 |         </>
  426 |       )}
> 427 |     </div>
      |       ^^^
  428 |   );
  429 | }
  430 |

Parsing ecmascript source code failed

Import traces:
  Client Component Browser:
    ./src/app/admin/pengaturan/page.tsx [Client Component Browser]
    ./src/app/admin/pengaturan/page.tsx [Server Component]

  Client Component SSR:
    ./src/app/admin/pengaturan/page.tsx [Client Component SSR]
    ./src/app/admin/pengaturan/page.tsx [Server Component] @ http://localhost:3000/_next/static/chunks/node_modules_next_dist_0u_w_5s._.js:1945
[  411372ms] [ERROR] ./src/app/admin/pengaturan/page.tsx:427:7
Expected '</', got 'ident'
  425 |         </>
  426 |       )}
> 427 |     </div>
      |       ^^^
  428 |   );
  429 | }
  430 |

Parsing ecmascript source code failed

Import traces:
  Client Component Browser:
    ./src/app/admin/pengaturan/page.tsx [Client Component Browser]
    ./src/app/admin/pengaturan/page.tsx [Server Component]

  Client Component SSR:
    ./src/app/admin/pengaturan/page.tsx [Client Component SSR]
    ./src/app/admin/pengaturan/page.tsx [Server Component] @ http://localhost:3000/_next/static/chunks/node_modules_next_dist_0u_w_5s._.js:1945
[  411451ms] [ERROR] ./src/app/admin/pengaturan/page.tsx:427:7
Expected '</', got 'ident'
  425 |         </>
  426 |       )}
> 427 |     </div>
      |       ^^^
  428 |   );
  429 | }
  430 |

Parsing ecmascript source code failed

Import traces:
  Client Component Browser:
    ./src/app/admin/pengaturan/page.tsx [Client Component Browser]
    ./src/app/admin/pengaturan/page.tsx [Server Component]

  Client Component SSR:
    ./src/app/admin/pengaturan/page.tsx [Client Component SSR]
    ./src/app/admin/pengaturan/page.tsx [Server Component] @ http://localhost:3000/_next/static/chunks/node_modules_next_dist_0u_w_5s._.js:1945
[  411530ms] [ERROR] ./src/app/admin/pengaturan/page.tsx:427:7
Expected '</', got 'ident'
  425 |         </>
  426 |       )}
> 427 |     </div>
      |       ^^^
  428 |   );
  429 | }
  430 |

Parsing ecmascript source code failed

Import traces:
  Client Component Browser:
    ./src/app/admin/pengaturan/page.tsx [Client Component Browser]
    ./src/app/admin/pengaturan/page.tsx [Server Component]

  Client Component SSR:
    ./src/app/admin/pengaturan/page.tsx [Client Component SSR]
    ./src/app/admin/pengaturan/page.tsx [Server Component] @ http://localhost:3000/_next/static/chunks/node_modules_next_dist_0u_w_5s._.js:1945
[  411608ms] [ERROR] ./src/app/admin/pengaturan/page.tsx:427:7
Expected '</', got 'ident'
  425 |         </>
  426 |       )}
> 427 |     </div>
      |       ^^^
  428 |   );
  429 | }
  430 |

Parsing ecmascript source code failed

Import traces:
  Client Component Browser:
    ./src/app/admin/pengaturan/page.tsx [Client Component Browser]
    ./src/app/admin/pengaturan/page.tsx [Server Component]

  Client Component SSR:
    ./src/app/admin/pengaturan/page.tsx [Client Component SSR]
    ./src/app/admin/pengaturan/page.tsx [Server Component] @ http://localhost:3000/_next/static/chunks/node_modules_next_dist_0u_w_5s._.js:1945
[  411687ms] [ERROR] ./src/app/admin/pengaturan/page.tsx:427:7
Expected '</', got 'ident'
  425 |         </>
  426 |       )}
> 427 |     </div>
      |       ^^^
  428 |   );
  429 | }
  430 |

Parsing ecmascript source code failed

Import traces:
  Client Component Browser:
    ./src/app/admin/pengaturan/page.tsx [Client Component Browser]
    ./src/app/admin/pengaturan/page.tsx [Server Component]

  Client Component SSR:
    ./src/app/admin/pengaturan/page.tsx [Client Component SSR]
    ./src/app/admin/pengaturan/page.tsx [Server Component] @ http://localhost:3000/_next/static/chunks/node_modules_next_dist_0u_w_5s._.js:1945
[  411764ms] [ERROR] ./src/app/admin/pengaturan/page.tsx:427:7
Expected '</', got 'ident'
  425 |         </>
  426 |       )}
> 427 |     </div>
      |       ^^^
  428 |   );
  429 | }
  430 |

Parsing ecmascript source code failed

Import traces:
  Client Component Browser:
    ./src/app/admin/pengaturan/page.tsx [Client Component Browser]
    ./src/app/admin/pengaturan/page.tsx [Server Component]

  Client Component SSR:
    ./src/app/admin/pengaturan/page.tsx [Client Component SSR]
    ./src/app/admin/pengaturan/page.tsx [Server Component] @ http://localhost:3000/_next/static/chunks/node_modules_next_dist_0u_w_5s._.js:1945
[  411842ms] [ERROR] ./src/app/admin/pengaturan/page.tsx:427:7
Expected '</', got 'ident'
  425 |         </>
  426 |       )}
> 427 |     </div>
      |       ^^^
  428 |   );
  429 | }
  430 |

Parsing ecmascript source code failed

Import traces:
  Client Component Browser:
    ./src/app/admin/pengaturan/page.tsx [Client Component Browser]
    ./src/app/admin/pengaturan/page.tsx [Server Component]

  Client Component SSR:
    ./src/app/admin/pengaturan/page.tsx [Client Component SSR]
    ./src/app/admin/pengaturan/page.tsx [Server Component] @ http://localhost:3000/_next/static/chunks/node_modules_next_dist_0u_w_5s._.js:1945
[  411919ms] [ERROR] ./src/app/admin/pengaturan/page.tsx:427:7
Expected '</', got 'ident'
  425 |         </>
  426 |       )}
> 427 |     </div>
      |       ^^^
  428 |   );
  429 | }
  430 |

Parsing ecmascript source code failed

Import traces:
  Client Component Browser:
    ./src/app/admin/pengaturan/page.tsx [Client Component Browser]
    ./src/app/admin/pengaturan/page.tsx [Server Component]

  Client Component SSR:
    ./src/app/admin/pengaturan/page.tsx [Client Component SSR]
    ./src/app/admin/pengaturan/page.tsx [Server Component] @ http://localhost:3000/_next/static/chunks/node_modules_next_dist_0u_w_5s._.js:1945
[  411997ms] [ERROR] ./src/app/admin/pengaturan/page.tsx:427:7
Expected '</', got 'ident'
  425 |         </>
  426 |       )}
> 427 |     </div>
      |       ^^^
  428 |   );
  429 | }
  430 |

Parsing ecmascript source code failed

Import traces:
  Client Component Browser:
    ./src/app/admin/pengaturan/page.tsx [Client Component Browser]
    ./src/app/admin/pengaturan/page.tsx [Server Component]

  Client Component SSR:
    ./src/app/admin/pengaturan/page.tsx [Client Component SSR]
    ./src/app/admin/pengaturan/page.tsx [Server Component] @ http://localhost:3000/_next/static/chunks/node_modules_next_dist_0u_w_5s._.js:1945
[  412076ms] [ERROR] ./src/app/admin/pengaturan/page.tsx:427:7
Expected '</', got 'ident'
  425 |         </>
  426 |       )}
> 427 |     </div>
      |       ^^^
  428 |   );
  429 | }
  430 |

Parsing ecmascript source code failed

Import traces:
  Client Component Browser:
    ./src/app/admin/pengaturan/page.tsx [Client Component Browser]
    ./src/app/admin/pengaturan/page.tsx [Server Component]

  Client Component SSR:
    ./src/app/admin/pengaturan/page.tsx [Client Component SSR]
    ./src/app/admin/pengaturan/page.tsx [Server Component] @ http://localhost:3000/_next/static/chunks/node_modules_next_dist_0u_w_5s._.js:1945
[  412153ms] [ERROR] ./src/app/admin/pengaturan/page.tsx:427:7
Expected '</', got 'ident'
  425 |         </>
  426 |       )}
> 427 |     </div>
      |       ^^^
  428 |   );
  429 | }
  430 |

Parsing ecmascript source code failed

Import traces:
  Client Component Browser:
    ./src/app/admin/pengaturan/page.tsx [Client Component Browser]
    ./src/app/admin/pengaturan/page.tsx [Server Component]

  Client Component SSR:
    ./src/app/admin/pengaturan/page.tsx [Client Component SSR]
    ./src/app/admin/pengaturan/page.tsx [Server Component] @ http://localhost:3000/_next/static/chunks/node_modules_next_dist_0u_w_5s._.js:1945
[  412232ms] [ERROR] ./src/app/admin/pengaturan/page.tsx:427:7
Expected '</', got 'ident'
  425 |         </>
  426 |       )}
> 427 |     </div>
      |       ^^^
  428 |   );
  429 | }
  430 |

Parsing ecmascript source code failed

Import traces:
  Client Component Browser:
    ./src/app/admin/pengaturan/page.tsx [Client Component Browser]
    ./src/app/admin/pengaturan/page.tsx [Server Component]

  Client Component SSR:
    ./src/app/admin/pengaturan/page.tsx [Client Component SSR]
    ./src/app/admin/pengaturan/page.tsx [Server Component] @ http://localhost:3000/_next/static/chunks/node_modules_next_dist_0u_w_5s._.js:1945
[  412311ms] [ERROR] ./src/app/admin/pengaturan/page.tsx:427:7
Expected '</', got 'ident'
  425 |         </>
  426 |       )}
> 427 |     </div>
      |       ^^^
  428 |   );
  429 | }
  430 |

Parsing ecmascript source code failed

Import traces:
  Client Component Browser:
    ./src/app/admin/pengaturan/page.tsx [Client Component Browser]
    ./src/app/admin/pengaturan/page.tsx [Server Component]

  Client Component SSR:
    ./src/app/admin/pengaturan/page.tsx [Client Component SSR]
    ./src/app/admin/pengaturan/page.tsx [Server Component] @ http://localhost:3000/_next/static/chunks/node_modules_next_dist_0u_w_5s._.js:1945
[  412390ms] [ERROR] ./src/app/admin/pengaturan/page.tsx:427:7
Expected '</', got 'ident'
  425 |         </>
  426 |       )}
> 427 |     </div>
      |       ^^^
  428 |   );
  429 | }
  430 |

Parsing ecmascript source code failed

Import traces:
  Client Component Browser:
    ./src/app/admin/pengaturan/page.tsx [Client Component Browser]
    ./src/app/admin/pengaturan/page.tsx [Server Component]

  Client Component SSR:
    ./src/app/admin/pengaturan/page.tsx [Client Component SSR]
    ./src/app/admin/pengaturan/page.tsx [Server Component] @ http://localhost:3000/_next/static/chunks/node_modules_next_dist_0u_w_5s._.js:1945
[  412467ms] [ERROR] ./src/app/admin/pengaturan/page.tsx:427:7
Expected '</', got 'ident'
  425 |         </>
  426 |       )}
> 427 |     </div>
      |       ^^^
  428 |   );
  429 | }
  430 |

Parsing ecmascript source code failed

Import traces:
  Client Component Browser:
    ./src/app/admin/pengaturan/page.tsx [Client Component Browser]
    ./src/app/admin/pengaturan/page.tsx [Server Component]

  Client Component SSR:
    ./src/app/admin/pengaturan/page.tsx [Client Component SSR]
    ./src/app/admin/pengaturan/page.tsx [Server Component] @ http://localhost:3000/_next/static/chunks/node_modules_next_dist_0u_w_5s._.js:1945
[  412542ms] [ERROR] ./src/app/admin/pengaturan/page.tsx:427:7
Expected '</', got 'ident'
  425 |         </>
  426 |       )}
> 427 |     </div>
      |       ^^^
  428 |   );
  429 | }
  430 |

Parsing ecmascript source code failed

Import traces:
  Client Component Browser:
    ./src/app/admin/pengaturan/page.tsx [Client Component Browser]
    ./src/app/admin/pengaturan/page.tsx [Server Component]

  Client Component SSR:
    ./src/app/admin/pengaturan/page.tsx [Client Component SSR]
    ./src/app/admin/pengaturan/page.tsx [Server Component] @ http://localhost:3000/_next/static/chunks/node_modules_next_dist_0u_w_5s._.js:1945
[  412622ms] [ERROR] ./src/app/admin/pengaturan/page.tsx:427:7
Expected '</', got 'ident'
  425 |         </>
  426 |       )}
> 427 |     </div>
      |       ^^^
  428 |   );
  429 | }
  430 |

Parsing ecmascript source code failed

Import traces:
  Client Component Browser:
    ./src/app/admin/pengaturan/page.tsx [Client Component Browser]
    ./src/app/admin/pengaturan/page.tsx [Server Component]

  Client Component SSR:
    ./src/app/admin/pengaturan/page.tsx [Client Component SSR]
    ./src/app/admin/pengaturan/page.tsx [Server Component] @ http://localhost:3000/_next/static/chunks/node_modules_next_dist_0u_w_5s._.js:1945
[  412699ms] [ERROR] ./src/app/admin/pengaturan/page.tsx:427:7
Expected '</', got 'ident'
  425 |         </>
  426 |       )}
> 427 |     </div>
      |       ^^^
  428 |   );
  429 | }
  430 |

Parsing ecmascript source code failed

Import traces:
  Client Component Browser:
    ./src/app/admin/pengaturan/page.tsx [Client Component Browser]
    ./src/app/admin/pengaturan/page.tsx [Server Component]

  Client Component SSR:
    ./src/app/admin/pengaturan/page.tsx [Client Component SSR]
    ./src/app/admin/pengaturan/page.tsx [Server Component] @ http://localhost:3000/_next/static/chunks/node_modules_next_dist_0u_w_5s._.js:1945
[  412777ms] [ERROR] ./src/app/admin/pengaturan/page.tsx:427:7
Expected '</', got 'ident'
  425 |         </>
  426 |       )}
> 427 |     </div>
      |       ^^^
  428 |   );
  429 | }
  430 |

Parsing ecmascript source code failed

Import traces:
  Client Component Browser:
    ./src/app/admin/pengaturan/page.tsx [Client Component Browser]
    ./src/app/admin/pengaturan/page.tsx [Server Component]

  Client Component SSR:
    ./src/app/admin/pengaturan/page.tsx [Client Component SSR]
    ./src/app/admin/pengaturan/page.tsx [Server Component] @ http://localhost:3000/_next/static/chunks/node_modules_next_dist_0u_w_5s._.js:1945
[  412854ms] [ERROR] ./src/app/admin/pengaturan/page.tsx:427:7
Expected '</', got 'ident'
  425 |         </>
  426 |       )}
> 427 |     </div>
      |       ^^^
  428 |   );
  429 | }
  430 |

Parsing ecmascript source code failed

Import traces:
  Client Component Browser:
    ./src/app/admin/pengaturan/page.tsx [Client Component Browser]
    ./src/app/admin/pengaturan/page.tsx [Server Component]

  Client Component SSR:
    ./src/app/admin/pengaturan/page.tsx [Client Component SSR]
    ./src/app/admin/pengaturan/page.tsx [Server Component] @ http://localhost:3000/_next/static/chunks/node_modules_next_dist_0u_w_5s._.js:1945
[  412933ms] [ERROR] ./src/app/admin/pengaturan/page.tsx:427:7
Expected '</', got 'ident'
  425 |         </>
  426 |       )}
> 427 |     </div>
      |       ^^^
  428 |   );
  429 | }
  430 |

Parsing ecmascript source code failed

Import traces:
  Client Component Browser:
    ./src/app/admin/pengaturan/page.tsx [Client Component Browser]
    ./src/app/admin/pengaturan/page.tsx [Server Component]

  Client Component SSR:
    ./src/app/admin/pengaturan/page.tsx [Client Component SSR]
    ./src/app/admin/pengaturan/page.tsx [Server Component] @ http://localhost:3000/_next/static/chunks/node_modules_next_dist_0u_w_5s._.js:1945
[  413011ms] [ERROR] ./src/app/admin/pengaturan/page.tsx:427:7
Expected '</', got 'ident'
  425 |         </>
  426 |       )}
> 427 |     </div>
      |       ^^^
  428 |   );
  429 | }
  430 |

Parsing ecmascript source code failed

Import traces:
  Client Component Browser:
    ./src/app/admin/pengaturan/page.tsx [Client Component Browser]
    ./src/app/admin/pengaturan/page.tsx [Server Component]

  Client Component SSR:
    ./src/app/admin/pengaturan/page.tsx [Client Component SSR]
    ./src/app/admin/pengaturan/page.tsx [Server Component] @ http://localhost:3000/_next/static/chunks/node_modules_next_dist_0u_w_5s._.js:1945
[  413090ms] [ERROR] ./src/app/admin/pengaturan/page.tsx:427:7
Expected '</', got 'ident'
  425 |         </>
  426 |       )}
> 427 |     </div>
      |       ^^^
  428 |   );
  429 | }
  430 |

Parsing ecmascript source code failed

Import traces:
  Client Component Browser:
    ./src/app/admin/pengaturan/page.tsx [Client Component Browser]
    ./src/app/admin/pengaturan/page.tsx [Server Component]

  Client Component SSR:
    ./src/app/admin/pengaturan/page.tsx [Client Component SSR]
    ./src/app/admin/pengaturan/page.tsx [Server Component] @ http://localhost:3000/_next/static/chunks/node_modules_next_dist_0u_w_5s._.js:1945
[  413167ms] [ERROR] ./src/app/admin/pengaturan/page.tsx:427:7
Expected '</', got 'ident'
  425 |         </>
  426 |       )}
> 427 |     </div>
      |       ^^^
  428 |   );
  429 | }
  430 |

Parsing ecmascript source code failed

Import traces:
  Client Component Browser:
    ./src/app/admin/pengaturan/page.tsx [Client Component Browser]
    ./src/app/admin/pengaturan/page.tsx [Server Component]

  Client Component SSR:
    ./src/app/admin/pengaturan/page.tsx [Client Component SSR]
    ./src/app/admin/pengaturan/page.tsx [Server Component] @ http://localhost:3000/_next/static/chunks/node_modules_next_dist_0u_w_5s._.js:1945
[  413244ms] [ERROR] ./src/app/admin/pengaturan/page.tsx:427:7
Expected '</', got 'ident'
  425 |         </>
  426 |       )}
> 427 |     </div>
      |       ^^^
  428 |   );
  429 | }
  430 |

Parsing ecmascript source code failed

Import traces:
  Client Component Browser:
    ./src/app/admin/pengaturan/page.tsx [Client Component Browser]
    ./src/app/admin/pengaturan/page.tsx [Server Component]

  Client Component SSR:
    ./src/app/admin/pengaturan/page.tsx [Client Component SSR]
    ./src/app/admin/pengaturan/page.tsx [Server Component] @ http://localhost:3000/_next/static/chunks/node_modules_next_dist_0u_w_5s._.js:1945
[  413322ms] [ERROR] ./src/app/admin/pengaturan/page.tsx:427:7
Expected '</', got 'ident'
  425 |         </>
  426 |       )}
> 427 |     </div>
      |       ^^^
  428 |   );
  429 | }
  430 |

Parsing ecmascript source code failed

Import traces:
  Client Component Browser:
    ./src/app/admin/pengaturan/page.tsx [Client Component Browser]
    ./src/app/admin/pengaturan/page.tsx [Server Component]

  Client Component SSR:
    ./src/app/admin/pengaturan/page.tsx [Client Component SSR]
    ./src/app/admin/pengaturan/page.tsx [Server Component] @ http://localhost:3000/_next/static/chunks/node_modules_next_dist_0u_w_5s._.js:1945
[  413400ms] [ERROR] ./src/app/admin/pengaturan/page.tsx:427:7
Expected '</', got 'ident'
  425 |         </>
  426 |       )}
> 427 |     </div>
      |       ^^^
  428 |   );
  429 | }
  430 |

Parsing ecmascript source code failed

Import traces:
  Client Component Browser:
    ./src/app/admin/pengaturan/page.tsx [Client Component Browser]
    ./src/app/admin/pengaturan/page.tsx [Server Component]

  Client Component SSR:
    ./src/app/admin/pengaturan/page.tsx [Client Component SSR]
    ./src/app/admin/pengaturan/page.tsx [Server Component] @ http://localhost:3000/_next/static/chunks/node_modules_next_dist_0u_w_5s._.js:1945
[  413479ms] [ERROR] ./src/app/admin/pengaturan/page.tsx:427:7
Expected '</', got 'ident'
  425 |         </>
  426 |       )}
> 427 |     </div>
      |       ^^^
  428 |   );
  429 | }
  430 |

Parsing ecmascript source code failed

Import traces:
  Client Component Browser:
    ./src/app/admin/pengaturan/page.tsx [Client Component Browser]
    ./src/app/admin/pengaturan/page.tsx [Server Component]

  Client Component SSR:
    ./src/app/admin/pengaturan/page.tsx [Client Component SSR]
    ./src/app/admin/pengaturan/page.tsx [Server Component] @ http://localhost:3000/_next/static/chunks/node_modules_next_dist_0u_w_5s._.js:1945
[  413557ms] [ERROR] ./src/app/admin/pengaturan/page.tsx:427:7
Expected '</', got 'ident'
  425 |         </>
  426 |       )}
> 427 |     </div>
      |       ^^^
  428 |   );
  429 | }
  430 |

Parsing ecmascript source code failed

Import traces:
  Client Component Browser:
    ./src/app/admin/pengaturan/page.tsx [Client Component Browser]
    ./src/app/admin/pengaturan/page.tsx [Server Component]

  Client Component SSR:
    ./src/app/admin/pengaturan/page.tsx [Client Component SSR]
    ./src/app/admin/pengaturan/page.tsx [Server Component] @ http://localhost:3000/_next/static/chunks/node_modules_next_dist_0u_w_5s._.js:1945
[  413632ms] [ERROR] ./src/app/admin/pengaturan/page.tsx:427:7
Expected '</', got 'ident'
  425 |         </>
  426 |       )}
> 427 |     </div>
      |       ^^^
  428 |   );
  429 | }
  430 |

Parsing ecmascript source code failed

Import traces:
  Client Component Browser:
    ./src/app/admin/pengaturan/page.tsx [Client Component Browser]
    ./src/app/admin/pengaturan/page.tsx [Server Component]

  Client Component SSR:
    ./src/app/admin/pengaturan/page.tsx [Client Component SSR]
    ./src/app/admin/pengaturan/page.tsx [Server Component] @ http://localhost:3000/_next/static/chunks/node_modules_next_dist_0u_w_5s._.js:1945
[  413708ms] [ERROR] ./src/app/admin/pengaturan/page.tsx:427:7
Expected '</', got 'ident'
  425 |         </>
  426 |       )}
> 427 |     </div>
      |       ^^^
  428 |   );
  429 | }
  430 |

Parsing ecmascript source code failed

Import traces:
  Client Component Browser:
    ./src/app/admin/pengaturan/page.tsx [Client Component Browser]
    ./src/app/admin/pengaturan/page.tsx [Server Component]

  Client Component SSR:
    ./src/app/admin/pengaturan/page.tsx [Client Component SSR]
    ./src/app/admin/pengaturan/page.tsx [Server Component] @ http://localhost:3000/_next/static/chunks/node_modules_next_dist_0u_w_5s._.js:1945
[  413786ms] [ERROR] ./src/app/admin/pengaturan/page.tsx:427:7
Expected '</', got 'ident'
  425 |         </>
  426 |       )}
> 427 |     </div>
      |       ^^^
  428 |   );
  429 | }
  430 |

Parsing ecmascript source code failed

Import traces:
  Client Component Browser:
    ./src/app/admin/pengaturan/page.tsx [Client Component Browser]
    ./src/app/admin/pengaturan/page.tsx [Server Component]

  Client Component SSR:
    ./src/app/admin/pengaturan/page.tsx [Client Component SSR]
    ./src/app/admin/pengaturan/page.tsx [Server Component] @ http://localhost:3000/_next/static/chunks/node_modules_next_dist_0u_w_5s._.js:1945
[  413864ms] [ERROR] ./src/app/admin/pengaturan/page.tsx:427:7
Expected '</', got 'ident'
  425 |         </>
  426 |       )}
> 427 |     </div>
      |       ^^^
  428 |   );
  429 | }
  430 |

Parsing ecmascript source code failed

Import traces:
  Client Component Browser:
    ./src/app/admin/pengaturan/page.tsx [Client Component Browser]
    ./src/app/admin/pengaturan/page.tsx [Server Component]

  Client Component SSR:
    ./src/app/admin/pengaturan/page.tsx [Client Component SSR]
    ./src/app/admin/pengaturan/page.tsx [Server Component] @ http://localhost:3000/_next/static/chunks/node_modules_next_dist_0u_w_5s._.js:1945
[  413943ms] [ERROR] ./src/app/admin/pengaturan/page.tsx:427:7
Expected '</', got 'ident'
  425 |         </>
  426 |       )}
> 427 |     </div>
      |       ^^^
  428 |   );
  429 | }
  430 |

Parsing ecmascript source code failed

Import traces:
  Client Component Browser:
    ./src/app/admin/pengaturan/page.tsx [Client Component Browser]
    ./src/app/admin/pengaturan/page.tsx [Server Component]

  Client Component SSR:
    ./src/app/admin/pengaturan/page.tsx [Client Component SSR]
    ./src/app/admin/pengaturan/page.tsx [Server Component] @ http://localhost:3000/_next/static/chunks/node_modules_next_dist_0u_w_5s._.js:1945
[  414021ms] [ERROR] ./src/app/admin/pengaturan/page.tsx:427:7
Expected '</', got 'ident'
  425 |         </>
  426 |       )}
> 427 |     </div>
      |       ^^^
  428 |   );
  429 | }
  430 |

Parsing ecmascript source code failed

Import traces:
  Client Component Browser:
    ./src/app/admin/pengaturan/page.tsx [Client Component Browser]
    ./src/app/admin/pengaturan/page.tsx [Server Component]

  Client Component SSR:
    ./src/app/admin/pengaturan/page.tsx [Client Component SSR]
    ./src/app/admin/pengaturan/page.tsx [Server Component] @ http://localhost:3000/_next/static/chunks/node_modules_next_dist_0u_w_5s._.js:1945
[  414099ms] [ERROR] ./src/app/admin/pengaturan/page.tsx:427:7
Expected '</', got 'ident'
  425 |         </>
  426 |       )}
> 427 |     </div>
      |       ^^^
  428 |   );
  429 | }
  430 |

Parsing ecmascript source code failed

Import traces:
  Client Component Browser:
    ./src/app/admin/pengaturan/page.tsx [Client Component Browser]
    ./src/app/admin/pengaturan/page.tsx [Server Component]

  Client Component SSR:
    ./src/app/admin/pengaturan/page.tsx [Client Component SSR]
    ./src/app/admin/pengaturan/page.tsx [Server Component] @ http://localhost:3000/_next/static/chunks/node_modules_next_dist_0u_w_5s._.js:1945
[  414174ms] [ERROR] ./src/app/admin/pengaturan/page.tsx:427:7
Expected '</', got 'ident'
  425 |         </>
  426 |       )}
> 427 |     </div>
      |       ^^^
  428 |   );
  429 | }
  430 |

Parsing ecmascript source code failed

Import traces:
  Client Component Browser:
    ./src/app/admin/pengaturan/page.tsx [Client Component Browser]
    ./src/app/admin/pengaturan/page.tsx [Server Component]

  Client Component SSR:
    ./src/app/admin/pengaturan/page.tsx [Client Component SSR]
    ./src/app/admin/pengaturan/page.tsx [Server Component] @ http://localhost:3000/_next/static/chunks/node_modules_next_dist_0u_w_5s._.js:1945
[  414253ms] [ERROR] ./src/app/admin/pengaturan/page.tsx:427:7
Expected '</', got 'ident'
  425 |         </>
  426 |       )}
> 427 |     </div>
      |       ^^^
  428 |   );
  429 | }
  430 |

Parsing ecmascript source code failed

Import traces:
  Client Component Browser:
    ./src/app/admin/pengaturan/page.tsx [Client Component Browser]
    ./src/app/admin/pengaturan/page.tsx [Server Component]

  Client Component SSR:
    ./src/app/admin/pengaturan/page.tsx [Client Component SSR]
    ./src/app/admin/pengaturan/page.tsx [Server Component] @ http://localhost:3000/_next/static/chunks/node_modules_next_dist_0u_w_5s._.js:1945
[  414331ms] [ERROR] ./src/app/admin/pengaturan/page.tsx:427:7
Expected '</', got 'ident'
  425 |         </>
  426 |       )}
> 427 |     </div>
      |       ^^^
  428 |   );
  429 | }
  430 |

Parsing ecmascript source code failed

Import traces:
  Client Component Browser:
    ./src/app/admin/pengaturan/page.tsx [Client Component Browser]
    ./src/app/admin/pengaturan/page.tsx [Server Component]

  Client Component SSR:
    ./src/app/admin/pengaturan/page.tsx [Client Component SSR]
    ./src/app/admin/pengaturan/page.tsx [Server Component] @ http://localhost:3000/_next/static/chunks/node_modules_next_dist_0u_w_5s._.js:1945
[  414409ms] [ERROR] ./src/app/admin/pengaturan/page.tsx:427:7
Expected '</', got 'ident'
  425 |         </>
  426 |       )}
> 427 |     </div>
      |       ^^^
  428 |   );
  429 | }
  430 |

Parsing ecmascript source code failed

Import traces:
  Client Component Browser:
    ./src/app/admin/pengaturan/page.tsx [Client Component Browser]
    ./src/app/admin/pengaturan/page.tsx [Server Component]

  Client Component SSR:
    ./src/app/admin/pengaturan/page.tsx [Client Component SSR]
    ./src/app/admin/pengaturan/page.tsx [Server Component] @ http://localhost:3000/_next/static/chunks/node_modules_next_dist_0u_w_5s._.js:1945
[  414485ms] [ERROR] ./src/app/admin/pengaturan/page.tsx:427:7
Expected '</', got 'ident'
  425 |         </>
  426 |       )}
> 427 |     </div>
      |       ^^^
  428 |   );
  429 | }
  430 |

Parsing ecmascript source code failed

Import traces:
  Client Component Browser:
    ./src/app/admin/pengaturan/page.tsx [Client Component Browser]
    ./src/app/admin/pengaturan/page.tsx [Server Component]

  Client Component SSR:
    ./src/app/admin/pengaturan/page.tsx [Client Component SSR]
    ./src/app/admin/pengaturan/page.tsx [Server Component] @ http://localhost:3000/_next/static/chunks/node_modules_next_dist_0u_w_5s._.js:1945
[  414559ms] [ERROR] ./src/app/admin/pengaturan/page.tsx:427:7
Expected '</', got 'ident'
  425 |         </>
  426 |       )}
> 427 |     </div>
      |       ^^^
  428 |   );
  429 | }
  430 |

Parsing ecmascript source code failed

Import traces:
  Client Component Browser:
    ./src/app/admin/pengaturan/page.tsx [Client Component Browser]
    ./src/app/admin/pengaturan/page.tsx [Server Component]

  Client Component SSR:
    ./src/app/admin/pengaturan/page.tsx [Client Component SSR]
    ./src/app/admin/pengaturan/page.tsx [Server Component] @ http://localhost:3000/_next/static/chunks/node_modules_next_dist_0u_w_5s._.js:1945
[  414635ms] [ERROR] ./src/app/admin/pengaturan/page.tsx:427:7
Expected '</', got 'ident'
  425 |         </>
  426 |       )}
> 427 |     </div>
      |       ^^^
  428 |   );
  429 | }
  430 |

Parsing ecmascript source code failed

Import traces:
  Client Component Browser:
    ./src/app/admin/pengaturan/page.tsx [Client Component Browser]
    ./src/app/admin/pengaturan/page.tsx [Server Component]

  Client Component SSR:
    ./src/app/admin/pengaturan/page.tsx [Client Component SSR]
    ./src/app/admin/pengaturan/page.tsx [Server Component] @ http://localhost:3000/_next/static/chunks/node_modules_next_dist_0u_w_5s._.js:1945
[  414714ms] [ERROR] ./src/app/admin/pengaturan/page.tsx:427:7
Expected '</', got 'ident'
  425 |         </>
  426 |       )}
> 427 |     </div>
      |       ^^^
  428 |   );
  429 | }
  430 |

Parsing ecmascript source code failed

Import traces:
  Client Component Browser:
    ./src/app/admin/pengaturan/page.tsx [Client Component Browser]
    ./src/app/admin/pengaturan/page.tsx [Server Component]

  Client Component SSR:
    ./src/app/admin/pengaturan/page.tsx [Client Component SSR]
    ./src/app/admin/pengaturan/page.tsx [Server Component] @ http://localhost:3000/_next/static/chunks/node_modules_next_dist_0u_w_5s._.js:1945
[  414794ms] [ERROR] ./src/app/admin/pengaturan/page.tsx:427:7
Expected '</', got 'ident'
  425 |         </>
  426 |       )}
> 427 |     </div>
      |       ^^^
  428 |   );
  429 | }
  430 |

Parsing ecmascript source code failed

Import traces:
  Client Component Browser:
    ./src/app/admin/pengaturan/page.tsx [Client Component Browser]
    ./src/app/admin/pengaturan/page.tsx [Server Component]

  Client Component SSR:
    ./src/app/admin/pengaturan/page.tsx [Client Component SSR]
    ./src/app/admin/pengaturan/page.tsx [Server Component] @ http://localhost:3000/_next/static/chunks/node_modules_next_dist_0u_w_5s._.js:1945
[  414876ms] [ERROR] ./src/app/admin/pengaturan/page.tsx:427:7
Expected '</', got 'ident'
  425 |         </>
  426 |       )}
> 427 |     </div>
      |       ^^^
  428 |   );
  429 | }
  430 |

Parsing ecmascript source code failed

Import traces:
  Client Component Browser:
    ./src/app/admin/pengaturan/page.tsx [Client Component Browser]
    ./src/app/admin/pengaturan/page.tsx [Server Component]

  Client Component SSR:
    ./src/app/admin/pengaturan/page.tsx [Client Component SSR]
    ./src/app/admin/pengaturan/page.tsx [Server Component] @ http://localhost:3000/_next/static/chunks/node_modules_next_dist_0u_w_5s._.js:1945
[  414950ms] [ERROR] ./src/app/admin/pengaturan/page.tsx:427:7
Expected '</', got 'ident'
  425 |         </>
  426 |       )}
> 427 |     </div>
      |       ^^^
  428 |   );
  429 | }
  430 |

Parsing ecmascript source code failed

Import traces:
  Client Component Browser:
    ./src/app/admin/pengaturan/page.tsx [Client Component Browser]
    ./src/app/admin/pengaturan/page.tsx [Server Component]

  Client Component SSR:
    ./src/app/admin/pengaturan/page.tsx [Client Component SSR]
    ./src/app/admin/pengaturan/page.tsx [Server Component] @ http://localhost:3000/_next/static/chunks/node_modules_next_dist_0u_w_5s._.js:1945
[  415026ms] [ERROR] ./src/app/admin/pengaturan/page.tsx:427:7
Expected '</', got 'ident'
  425 |         </>
  426 |       )}
> 427 |     </div>
      |       ^^^
  428 |   );
  429 | }
  430 |

Parsing ecmascript source code failed

Import traces:
  Client Component Browser:
    ./src/app/admin/pengaturan/page.tsx [Client Component Browser]
    ./src/app/admin/pengaturan/page.tsx [Server Component]

  Client Component SSR:
    ./src/app/admin/pengaturan/page.tsx [Client Component SSR]
    ./src/app/admin/pengaturan/page.tsx [Server Component] @ http://localhost:3000/_next/static/chunks/node_modules_next_dist_0u_w_5s._.js:1945
[  415110ms] [ERROR] ./src/app/admin/pengaturan/page.tsx:427:7
Expected '</', got 'ident'
  425 |         </>
  426 |       )}
> 427 |     </div>
      |       ^^^
  428 |   );
  429 | }
  430 |

Parsing ecmascript source code failed

Import traces:
  Client Component Browser:
    ./src/app/admin/pengaturan/page.tsx [Client Component Browser]
    ./src/app/admin/pengaturan/page.tsx [Server Component]

  Client Component SSR:
    ./src/app/admin/pengaturan/page.tsx [Client Component SSR]
    ./src/app/admin/pengaturan/page.tsx [Server Component] @ http://localhost:3000/_next/static/chunks/node_modules_next_dist_0u_w_5s._.js:1945
[  415181ms] [ERROR] ./src/app/admin/pengaturan/page.tsx:427:7
Expected '</', got 'ident'
  425 |         </>
  426 |       )}
> 427 |     </div>
      |       ^^^
  428 |   );
  429 | }
  430 |

Parsing ecmascript source code failed

Import traces:
  Client Component Browser:
    ./src/app/admin/pengaturan/page.tsx [Client Component Browser]
    ./src/app/admin/pengaturan/page.tsx [Server Component]

  Client Component SSR:
    ./src/app/admin/pengaturan/page.tsx [Client Component SSR]
    ./src/app/admin/pengaturan/page.tsx [Server Component] @ http://localhost:3000/_next/static/chunks/node_modules_next_dist_0u_w_5s._.js:1945
[  415259ms] [ERROR] ./src/app/admin/pengaturan/page.tsx:427:7
Expected '</', got 'ident'
  425 |         </>
  426 |       )}
> 427 |     </div>
      |       ^^^
  428 |   );
  429 | }
  430 |

Parsing ecmascript source code failed

Import traces:
  Client Component Browser:
    ./src/app/admin/pengaturan/page.tsx [Client Component Browser]
    ./src/app/admin/pengaturan/page.tsx [Server Component]

  Client Component SSR:
    ./src/app/admin/pengaturan/page.tsx [Client Component SSR]
    ./src/app/admin/pengaturan/page.tsx [Server Component] @ http://localhost:3000/_next/static/chunks/node_modules_next_dist_0u_w_5s._.js:1945
[  415338ms] [ERROR] ./src/app/admin/pengaturan/page.tsx:427:7
Expected '</', got 'ident'
  425 |         </>
  426 |       )}
> 427 |     </div>
      |       ^^^
  428 |   );
  429 | }
  430 |

Parsing ecmascript source code failed

Import traces:
  Client Component Browser:
    ./src/app/admin/pengaturan/page.tsx [Client Component Browser]
    ./src/app/admin/pengaturan/page.tsx [Server Component]

  Client Component SSR:
    ./src/app/admin/pengaturan/page.tsx [Client Component SSR]
    ./src/app/admin/pengaturan/page.tsx [Server Component] @ http://localhost:3000/_next/static/chunks/node_modules_next_dist_0u_w_5s._.js:1945
[  415418ms] [ERROR] ./src/app/admin/pengaturan/page.tsx:427:7
Expected '</', got 'ident'
  425 |         </>
  426 |       )}
> 427 |     </div>
      |       ^^^
  428 |   );
  429 | }
  430 |

Parsing ecmascript source code failed

Import traces:
  Client Component Browser:
    ./src/app/admin/pengaturan/page.tsx [Client Component Browser]
    ./src/app/admin/pengaturan/page.tsx [Server Component]

  Client Component SSR:
    ./src/app/admin/pengaturan/page.tsx [Client Component SSR]
    ./src/app/admin/pengaturan/page.tsx [Server Component] @ http://localhost:3000/_next/static/chunks/node_modules_next_dist_0u_w_5s._.js:1945
[  415497ms] [ERROR] ./src/app/admin/pengaturan/page.tsx:427:7
Expected '</', got 'ident'
  425 |         </>
  426 |       )}
> 427 |     </div>
      |       ^^^
  428 |   );
  429 | }
  430 |

Parsing ecmascript source code failed

Import traces:
  Client Component Browser:
    ./src/app/admin/pengaturan/page.tsx [Client Component Browser]
    ./src/app/admin/pengaturan/page.tsx [Server Component]

  Client Component SSR:
    ./src/app/admin/pengaturan/page.tsx [Client Component SSR]
    ./src/app/admin/pengaturan/page.tsx [Server Component] @ http://localhost:3000/_next/static/chunks/node_modules_next_dist_0u_w_5s._.js:1945
[  415574ms] [ERROR] ./src/app/admin/pengaturan/page.tsx:427:7
Expected '</', got 'ident'
  425 |         </>
  426 |       )}
> 427 |     </div>
      |       ^^^
  428 |   );
  429 | }
  430 |

Parsing ecmascript source code failed

Import traces:
  Client Component Browser:
    ./src/app/admin/pengaturan/page.tsx [Client Component Browser]
    ./src/app/admin/pengaturan/page.tsx [Server Component]

  Client Component SSR:
    ./src/app/admin/pengaturan/page.tsx [Client Component SSR]
    ./src/app/admin/pengaturan/page.tsx [Server Component] @ http://localhost:3000/_next/static/chunks/node_modules_next_dist_0u_w_5s._.js:1945
[  415652ms] [ERROR] ./src/app/admin/pengaturan/page.tsx:427:7
Expected '</', got 'ident'
  425 |         </>
  426 |       )}
> 427 |     </div>
      |       ^^^
  428 |   );
  429 | }
  430 |

Parsing ecmascript source code failed

Import traces:
  Client Component Browser:
    ./src/app/admin/pengaturan/page.tsx [Client Component Browser]
    ./src/app/admin/pengaturan/page.tsx [Server Component]

  Client Component SSR:
    ./src/app/admin/pengaturan/page.tsx [Client Component SSR]
    ./src/app/admin/pengaturan/page.tsx [Server Component] @ http://localhost:3000/_next/static/chunks/node_modules_next_dist_0u_w_5s._.js:1945
[  415730ms] [ERROR] ./src/app/admin/pengaturan/page.tsx:427:7
Expected '</', got 'ident'
  425 |         </>
  426 |       )}
> 427 |     </div>
      |       ^^^
  428 |   );
  429 | }
  430 |

Parsing ecmascript source code failed

Import traces:
  Client Component Browser:
    ./src/app/admin/pengaturan/page.tsx [Client Component Browser]
    ./src/app/admin/pengaturan/page.tsx [Server Component]

  Client Component SSR:
    ./src/app/admin/pengaturan/page.tsx [Client Component SSR]
    ./src/app/admin/pengaturan/page.tsx [Server Component] @ http://localhost:3000/_next/static/chunks/node_modules_next_dist_0u_w_5s._.js:1945
[  415809ms] [ERROR] ./src/app/admin/pengaturan/page.tsx:427:7
Expected '</', got 'ident'
  425 |         </>
  426 |       )}
> 427 |     </div>
      |       ^^^
  428 |   );
  429 | }
  430 |

Parsing ecmascript source code failed

Import traces:
  Client Component Browser:
    ./src/app/admin/pengaturan/page.tsx [Client Component Browser]
    ./src/app/admin/pengaturan/page.tsx [Server Component]

  Client Component SSR:
    ./src/app/admin/pengaturan/page.tsx [Client Component SSR]
    ./src/app/admin/pengaturan/page.tsx [Server Component] @ http://localhost:3000/_next/static/chunks/node_modules_next_dist_0u_w_5s._.js:1945
[  415886ms] [ERROR] ./src/app/admin/pengaturan/page.tsx:427:7
Expected '</', got 'ident'
  425 |         </>
  426 |       )}
> 427 |     </div>
      |       ^^^
  428 |   );
  429 | }
  430 |

Parsing ecmascript source code failed

Import traces:
  Client Component Browser:
    ./src/app/admin/pengaturan/page.tsx [Client Component Browser]
    ./src/app/admin/pengaturan/page.tsx [Server Component]

  Client Component SSR:
    ./src/app/admin/pengaturan/page.tsx [Client Component SSR]
    ./src/app/admin/pengaturan/page.tsx [Server Component] @ http://localhost:3000/_next/static/chunks/node_modules_next_dist_0u_w_5s._.js:1945
[  415963ms] [ERROR] ./src/app/admin/pengaturan/page.tsx:427:7
Expected '</', got 'ident'
  425 |         </>
  426 |       )}
> 427 |     </div>
      |       ^^^
  428 |   );
  429 | }
  430 |

Parsing ecmascript source code failed

Import traces:
  Client Component Browser:
    ./src/app/admin/pengaturan/page.tsx [Client Component Browser]
    ./src/app/admin/pengaturan/page.tsx [Server Component]

  Client Component SSR:
    ./src/app/admin/pengaturan/page.tsx [Client Component SSR]
    ./src/app/admin/pengaturan/page.tsx [Server Component] @ http://localhost:3000/_next/static/chunks/node_modules_next_dist_0u_w_5s._.js:1945
[  416042ms] [ERROR] ./src/app/admin/pengaturan/page.tsx:427:7
Expected '</', got 'ident'
  425 |         </>
  426 |       )}
> 427 |     </div>
      |       ^^^
  428 |   );
  429 | }
  430 |

Parsing ecmascript source code failed

Import traces:
  Client Component Browser:
    ./src/app/admin/pengaturan/page.tsx [Client Component Browser]
    ./src/app/admin/pengaturan/page.tsx [Server Component]

  Client Component SSR:
    ./src/app/admin/pengaturan/page.tsx [Client Component SSR]
    ./src/app/admin/pengaturan/page.tsx [Server Component] @ http://localhost:3000/_next/static/chunks/node_modules_next_dist_0u_w_5s._.js:1945
[  416117ms] [ERROR] ./src/app/admin/pengaturan/page.tsx:427:7
Expected '</', got 'ident'
  425 |         </>
  426 |       )}
> 427 |     </div>
      |       ^^^
  428 |   );
  429 | }
  430 |

Parsing ecmascript source code failed

Import traces:
  Client Component Browser:
    ./src/app/admin/pengaturan/page.tsx [Client Component Browser]
    ./src/app/admin/pengaturan/page.tsx [Server Component]

  Client Component SSR:
    ./src/app/admin/pengaturan/page.tsx [Client Component SSR]
    ./src/app/admin/pengaturan/page.tsx [Server Component] @ http://localhost:3000/_next/static/chunks/node_modules_next_dist_0u_w_5s._.js:1945
[  416194ms] [ERROR] ./src/app/admin/pengaturan/page.tsx:427:7
Expected '</', got 'ident'
  425 |         </>
  426 |       )}
> 427 |     </div>
      |       ^^^
  428 |   );
  429 | }
  430 |

Parsing ecmascript source code failed

Import traces:
  Client Component Browser:
    ./src/app/admin/pengaturan/page.tsx [Client Component Browser]
    ./src/app/admin/pengaturan/page.tsx [Server Component]

  Client Component SSR:
    ./src/app/admin/pengaturan/page.tsx [Client Component SSR]
    ./src/app/admin/pengaturan/page.tsx [Server Component] @ http://localhost:3000/_next/static/chunks/node_modules_next_dist_0u_w_5s._.js:1945
[  416269ms] [ERROR] ./src/app/admin/pengaturan/page.tsx:427:7
Expected '</', got 'ident'
  425 |         </>
  426 |       )}
> 427 |     </div>
      |       ^^^
  428 |   );
  429 | }
  430 |

Parsing ecmascript source code failed

Import traces:
  Client Component Browser:
    ./src/app/admin/pengaturan/page.tsx [Client Component Browser]
    ./src/app/admin/pengaturan/page.tsx [Server Component]

  Client Component SSR:
    ./src/app/admin/pengaturan/page.tsx [Client Component SSR]
    ./src/app/admin/pengaturan/page.tsx [Server Component] @ http://localhost:3000/_next/static/chunks/node_modules_next_dist_0u_w_5s._.js:1945
[  416343ms] [ERROR] ./src/app/admin/pengaturan/page.tsx:427:7
Expected '</', got 'ident'
  425 |         </>
  426 |       )}
> 427 |     </div>
      |       ^^^
  428 |   );
  429 | }
  430 |

Parsing ecmascript source code failed

Import traces:
  Client Component Browser:
    ./src/app/admin/pengaturan/page.tsx [Client Component Browser]
    ./src/app/admin/pengaturan/page.tsx [Server Component]

  Client Component SSR:
    ./src/app/admin/pengaturan/page.tsx [Client Component SSR]
    ./src/app/admin/pengaturan/page.tsx [Server Component] @ http://localhost:3000/_next/static/chunks/node_modules_next_dist_0u_w_5s._.js:1945
[  416418ms] [ERROR] ./src/app/admin/pengaturan/page.tsx:427:7
Expected '</', got 'ident'
  425 |         </>
  426 |       )}
> 427 |     </div>
      |       ^^^
  428 |   );
  429 | }
  430 |

Parsing ecmascript source code failed

Import traces:
  Client Component Browser:
    ./src/app/admin/pengaturan/page.tsx [Client Component Browser]
    ./src/app/admin/pengaturan/page.tsx [Server Component]

  Client Component SSR:
    ./src/app/admin/pengaturan/page.tsx [Client Component SSR]
    ./src/app/admin/pengaturan/page.tsx [Server Component] @ http://localhost:3000/_next/static/chunks/node_modules_next_dist_0u_w_5s._.js:1945
[  416493ms] [ERROR] ./src/app/admin/pengaturan/page.tsx:427:7
Expected '</', got 'ident'
  425 |         </>
  426 |       )}
> 427 |     </div>
      |       ^^^
  428 |   );
  429 | }
  430 |

Parsing ecmascript source code failed

Import traces:
  Client Component Browser:
    ./src/app/admin/pengaturan/page.tsx [Client Component Browser]
    ./src/app/admin/pengaturan/page.tsx [Server Component]

  Client Component SSR:
    ./src/app/admin/pengaturan/page.tsx [Client Component SSR]
    ./src/app/admin/pengaturan/page.tsx [Server Component] @ http://localhost:3000/_next/static/chunks/node_modules_next_dist_0u_w_5s._.js:1945
[  416570ms] [ERROR] ./src/app/admin/pengaturan/page.tsx:427:7
Expected '</', got 'ident'
  425 |         </>
  426 |       )}
> 427 |     </div>
      |       ^^^
  428 |   );
  429 | }
  430 |

Parsing ecmascript source code failed

Import traces:
  Client Component Browser:
    ./src/app/admin/pengaturan/page.tsx [Client Component Browser]
    ./src/app/admin/pengaturan/page.tsx [Server Component]

  Client Component SSR:
    ./src/app/admin/pengaturan/page.tsx [Client Component SSR]
    ./src/app/admin/pengaturan/page.tsx [Server Component] @ http://localhost:3000/_next/static/chunks/node_modules_next_dist_0u_w_5s._.js:1945
[  416648ms] [ERROR] ./src/app/admin/pengaturan/page.tsx:427:7
Expected '</', got 'ident'
  425 |         </>
  426 |       )}
> 427 |     </div>
      |       ^^^
  428 |   );
  429 | }
  430 |

Parsing ecmascript source code failed

Import traces:
  Client Component Browser:
    ./src/app/admin/pengaturan/page.tsx [Client Component Browser]
    ./src/app/admin/pengaturan/page.tsx [Server Component]

  Client Component SSR:
    ./src/app/admin/pengaturan/page.tsx [Client Component SSR]
    ./src/app/admin/pengaturan/page.tsx [Server Component] @ http://localhost:3000/_next/static/chunks/node_modules_next_dist_0u_w_5s._.js:1945
[  416723ms] [ERROR] ./src/app/admin/pengaturan/page.tsx:427:7
Expected '</', got 'ident'
  425 |         </>
  426 |       )}
> 427 |     </div>
      |       ^^^
  428 |   );
  429 | }
  430 |

Parsing ecmascript source code failed

Import traces:
  Client Component Browser:
    ./src/app/admin/pengaturan/page.tsx [Client Component Browser]
    ./src/app/admin/pengaturan/page.tsx [Server Component]

  Client Component SSR:
    ./src/app/admin/pengaturan/page.tsx [Client Component SSR]
    ./src/app/admin/pengaturan/page.tsx [Server Component] @ http://localhost:3000/_next/static/chunks/node_modules_next_dist_0u_w_5s._.js:1945
[  416797ms] [ERROR] ./src/app/admin/pengaturan/page.tsx:427:7
Expected '</', got 'ident'
  425 |         </>
  426 |       )}
> 427 |     </div>
      |       ^^^
  428 |   );
  429 | }
  430 |

Parsing ecmascript source code failed

Import traces:
  Client Component Browser:
    ./src/app/admin/pengaturan/page.tsx [Client Component Browser]
    ./src/app/admin/pengaturan/page.tsx [Server Component]

  Client Component SSR:
    ./src/app/admin/pengaturan/page.tsx [Client Component SSR]
    ./src/app/admin/pengaturan/page.tsx [Server Component] @ http://localhost:3000/_next/static/chunks/node_modules_next_dist_0u_w_5s._.js:1945
[  416882ms] [ERROR] ./src/app/admin/pengaturan/page.tsx:427:7
Expected '</', got 'ident'
  425 |         </>
  426 |       )}
> 427 |     </div>
      |       ^^^
  428 |   );
  429 | }
  430 |

Parsing ecmascript source code failed

Import traces:
  Client Component Browser:
    ./src/app/admin/pengaturan/page.tsx [Client Component Browser]
    ./src/app/admin/pengaturan/page.tsx [Server Component]

  Client Component SSR:
    ./src/app/admin/pengaturan/page.tsx [Client Component SSR]
    ./src/app/admin/pengaturan/page.tsx [Server Component] @ http://localhost:3000/_next/static/chunks/node_modules_next_dist_0u_w_5s._.js:1945
[  416994ms] [LOG] [Fast Refresh] rebuilding @ http://localhost:3000/_next/static/chunks/node_modules_next_dist_0u_w_5s._.js:1226
[  417137ms] [LOG] [Fast Refresh] done in 243ms @ http://localhost:3000/_next/static/chunks/node_modules_next_dist_0u_w_5s._.js:1226
[  417285ms] [LOG] [Fast Refresh] rebuilding @ http://localhost:3000/_next/static/chunks/node_modules_next_dist_0u_w_5s._.js:1226
[  417520ms] [LOG] [Fast Refresh] done in 338ms @ http://localhost:3000/_next/static/chunks/node_modules_next_dist_0u_w_5s._.js:1226
[  418308ms] [INFO] %cDownload the React DevTools for a better development experience: https://react.dev/link/react-devtools font-weight:bold @ http://localhost:3000/_next/static/chunks/node_modules_next_dist_115brz8._.js:2431
[  418517ms] [LOG] [HMR] connected @ http://localhost:3000/_next/static/chunks/node_modules_next_dist_115brz8._.js:2431
[  430217ms] [LOG] [Fast Refresh] rebuilding @ http://localhost:3000/_next/static/chunks/node_modules_next_dist_115brz8._.js:2431
[  430448ms] [LOG] [Fast Refresh] done in 336ms @ http://localhost:3000/_next/static/chunks/node_modules_next_dist_115brz8._.js:2431
